id;name;instructions;democode;testcode;solution;tests;medianTime;ordering;visible;created
1;Výpis čísel;[["html","Napište funkci <b>numbers(n)</b>, která vypíše prvních <i>n</i> přirozených čísel. "]];[["python64","ZGVmIG51bWJlcnMobik6CiAgICBwcmludChuKQo="]];[["python64","bnVtYmVycygxMCkK"]];[["python64","ZGVmIG51bWJlcnMobik6CiAgICBmb3IgaSBpbiByYW5nZSgxLCBuICsgMSk6CiAgICAgICAgcHJpbnQoaSkKICAgIHByaW50KCkK"]];[["python64","bnVtYmVycygzKQo="],["python64","bnVtYmVycyg1KQo="],["python64","bnVtYmVycygyMCkK"]];93350;1;1;2017-11-21 18:17:19
2;Fibonacciho posloupnost;[["html","Napište funkci <b>fibonacci(n)</b>, která vypíše prvních <i>n</i> členů Fibonacciho posloupnosti (první dva členy jsou 1, každý další je součtem dvou předchozích). "]];[["python64","ZGVmIGZpYm9uYWNjaShuKToKICAgIGZvciBpIGluIHJhbmdlKG4pOgogICAgCXByaW50KGkpCg=="]];[["python64","Zmlib25hY2NpKDEwKQo="]];[["python64","ZGVmIGZpYm9uYWNjaShuKToKICAgIGN1cnJlbnQgPSAxCiAgICBuZXh0ID0gMQogICAgZm9yIGkgaW4gcmFuZ2Uobik6CiAgICAgICAgcHJpbnQoY3VycmVudCkKICAgICAgICBuZXh0X25leHQgPSBjdXJyZW50ICsgbmV4dAogICAgICAgIGN1cnJlbnQgPSBuZXh0CiAgICAgICAgbmV4dCA9IG5leHRfbmV4dAo="]];[["python64","Zmlib25hY2NpKDUpCg=="],["python64","Zmlib25hY2NpKDE1KQo="],["python64","Zmlib25hY2NpKDIwKQo="]];316500;7;1;2017-11-21 18:17:19
3;Faktoriál;[["html","Napište funkci <b>factorial(n)</b> vrátí faktoriál <i>n</i> (součin všech čísel od 1 do n). "]];[["python64","ZGVmIGZhY3RvcmlhbChuKToKICAgIHJldHVybiAxCg=="]];[["python64","cHJpbnQoZmFjdG9yaWFsKDUpKQo="]];[["python64","ZGVmIGZhY3RvcmlhbChuKToKICAgIHZhbHVlID0gMQogICAgZm9yIGkgaW4gcmFuZ2UoMSwgbiArIDEpOgogICAgICAgIHZhbHVlICo9IGkKICAgIHJldHVybiB2YWx1ZQo="]];[["python64","cHJpbnQoZmFjdG9yaWFsKDYpKQo="],["python64","cHJpbnQoZmFjdG9yaWFsKDgpKQo="],["python64","cHJpbnQoZmFjdG9yaWFsKDEpKQo="],["python64","cHJpbnQoZmFjdG9yaWFsKDEwKSkK"]];153650;7;1;2017-11-21 18:17:19
4;Abeceda;[["html","Napište funkci <b>alphabet(n)</b>, která vypíše prvních <i>n</i> písmen anglické abecedy. Pokud je <i>n</i> větší jak 26, písmena jsou vypisována opakovaně. "]];[["python64","ZGVmIGFscGhhYmV0KG4pOgogICAgZm9yIGkgaW4gcmFuZ2Uobik6CiAgICAgICAgcHJpbnQoJ0EnKQo="]];[["python64","YWxwaGFiZXQoMzApCg=="]];[["python64","ZGVmIGFscGhhYmV0KG4pOgogICAgZm9yIGkgaW4gcmFuZ2Uobik6CiAgICAgICAgcHJpbnQoY2hyKG9yZCgnQScpK2klMjYpKQogICAgcHJpbnQoKQo="]];[["python64","YWxwaGFiZXQoMTApCg=="],["python64","YWxwaGFiZXQoNDApCg=="],["python64","YWxwaGFiZXQoMSkK"],["python64","YWxwaGFiZXQoNikK"],["python64","YWxwaGFiZXQoODApCg=="]];397950;10;1;2017-11-21 18:17:19
5;Zdvojení znaků;[["html","Napište funkci <b>duplication(text)</b>, která pro zadaný řetězec vrátí řetězec, ve kterém je každé písmeno duplikováno. "]];[["python64","ZGVmIGR1cGxpY2F0aW9uKHRleHQpOgogICAgcmV0dXJuIHRleHQK"]];[["python64","cHJpbnQoZHVwbGljYXRpb24oIlBZVEhPTiIpKQo="]];[["python64","ZGVmIGR1cGxpY2F0aW9uKHRleHQpOgogICAgb3V0cHV0ID0gIiIKICAgIGZvciBjaGFyIGluIHRleHQ6CiAgICAgICAgb3V0cHV0ICs9IGNoYXIgKyBjaGFyCiAgICByZXR1cm4gb3V0cHV0Cg=="]];[["python64","cHJpbnQoZHVwbGljYXRpb24oIkFBIikpCg=="],["python64","cHJpbnQoZHVwbGljYXRpb24oIkFCQ0QiKSkK"],["python64","cHJpbnQoZHVwbGljYXRpb24oImhlbGxvIikpCg=="],["python64","cHJpbnQoZHVwbGljYXRpb24oIkJybm8iKSkK"],["python64","cHJpbnQoZHVwbGljYXRpb24oInh5elhZWiIpKQo="]];179300;3;1;2017-11-21 18:17:19
6;Součin nenulových;[["html","Napište funkci <b>nonzero_product(numbers)</b>, která pro zadaný seznam čísel <i>numbers</i> vrátí součin všech nenulových čísel v seznamu. "]];[["python64","ZGVmIG5vbnplcm9fcHJvZHVjdChudW1iZXJzKToKICAgIHJldHVybiAwCg=="]];[["python64","cHJpbnQobm9uemVyb19wcm9kdWN0KFs0LCAwLCAyLCAwLCAwLCAzXSkpCg=="]];[["python64","ZGVmIG5vbnplcm9fcHJvZHVjdChudW1iZXJzKToKICAgIHByb2R1Y3QgPSAxCiAgICBmb3IgbiBpbiBudW1iZXJzOgogICAgICAgIGlmIG4gIT0gMDoKICAgICAgICAgICAgcHJvZHVjdCAqPSBuCiAgICByZXR1cm4gcHJvZHVjdAo="]];[["python64","cHJpbnQobm9uemVyb19wcm9kdWN0KFswLCAyLCAzLCAxLCA4LCAzXSkpCg=="],["python64","cHJpbnQobm9uemVyb19wcm9kdWN0KFswLCAwLCAxLCAwLCAwXSkpCg=="],["python64","cHJpbnQobm9uemVyb19wcm9kdWN0KFswLCAtMiwgLTMsIDAsIC0xLCAtNV0pKQo="],["python64","cHJpbnQobm9uemVyb19wcm9kdWN0KFsxLCAyLCAzLCA0LCA1LCA2XSkpCg=="],["python64","cHJpbnQobm9uemVyb19wcm9kdWN0KFszLCAzLCAyLCAzLCAzXSkpCg=="]];134150;2;1;2017-11-21 18:17:19
7;Dělitelé;[["html","Napište funkci <b>divisors(n)</b>, která vypíše popořadě všechny přirozená čísla, která dělí <i>n</i>. "]];[["python64","ZGVmIGRpdmlzb3JzKG4pOgogICAgcHJpbnQoMSkK"]];[["python64","ZGl2aXNvcnMoMjQpCg=="]];[["python64","ZGVmIGRpdmlzb3JzKG4pOgogICAgZm9yIGkgaW4gcmFuZ2UoMSwgbiArIDEpOgogICAgICAgIGlmIG4gJSBpID09IDA6CiAgICAgICAgICAgIHByaW50KGkpCiAgICBwcmludCgpCg=="]];[["python64","ZGl2aXNvcnMoNSkK"],["python64","ZGl2aXNvcnMoMzYpCg=="],["python64","ZGl2aXNvcnMoMSkK"],["python64","ZGl2aXNvcnMoMTAwKQo="],["python64","ZGl2aXNvcnMoMTAxKQo="],["python64","ZGl2aXNvcnMoMTAyKQo="],["python64","ZGl2aXNvcnMoNDgpCg=="],["python64","ZGl2aXNvcnMoMjMpCg=="]];97200;1;1;2017-11-21 18:17:19
8;Čtverec;[["html","Napište funkci <b>square(n)</b>, která vykreslí čtverec ze znaků mřížky o velikosti <i>n</i>. "]];[["python64","ZGVmIHNxdWFyZShuKToKICAgIGZvciBpIGluIHJhbmdlKG4pOgogICAgICAgIHByaW50KCIjIiwgZW5kPSIgIikKICAgIHByaW50KCkK"]];[["python64","c3F1YXJlKDUpCg=="]];[["python64","ZGVmIHNxdWFyZShuKToKICAgIGZvciBpIGluIHJhbmdlKG4pOgogICAgICAgIGZvciBqIGluIHJhbmdlKG4pOgogICAgICAgICAgICBwcmludCgiIyIsIGVuZD0iICIpCiAgICAgICAgcHJpbnQoKQoK"]];[["python64","c3F1YXJlKDMpCg=="],["python64","c3F1YXJlKDYpCg=="],["python64","c3F1YXJlKDEpCg=="],["python64","c3F1YXJlKDcpCg=="],["python64","c3F1YXJlKDIpCg=="]];119900;1;1;2017-11-21 18:17:19
9;Prázdný čtverec;[["html"," Napište funkci <b>empty_square(n)</b>, která vykreslí textový čtverec o velikosti <i>n</i>, který má uprostřed tečky a na kraji mřížky. "]];[["python64","ZGVmIGVtcHR5X3NxdWFyZShuKToKICAgIGZvciBpIGluIHJhbmdlKG4pOgogICAgICAgIHByaW50KCIjIiwgZW5kPSIgIikKICAgIHByaW50KCkJCg=="]];[["python64","ZW1wdHlfc3F1YXJlKDUpCg=="]];[["python64","ZGVmIGVtcHR5X3NxdWFyZShuKToKICAgIGZvciBpIGluIHJhbmdlKG4pOgogICAgICAgIGZvciBqIGluIHJhbmdlKG4pOgogICAgICAgICAgICBpZiBpID09IDAgb3IgaiA9PSAwIG9yIGkgPT0gbiAtMSBvciBqID09IG4gLTE6CiAgICAgICAgICAgICAgICBwcmludCgiIyIsIGVuZD0iICIpCiAgICAgICAgICAgIGVsc2U6CiAgICAgICAgICAgICAgICBwcmludCgiLiIsIGVuZD0iICIpCiAgICAgICAgcHJpbnQoKQoK"]];[["python64","ZW1wdHlfc3F1YXJlKDYpCg=="],["python64","ZW1wdHlfc3F1YXJlKDEpCg=="],["python64","ZW1wdHlfc3F1YXJlKDQpCg=="],["python64","ZW1wdHlfc3F1YXJlKDIpCg=="],["python64","ZW1wdHlfc3F1YXJlKDcpCg=="]];338575;2;1;2017-11-21 18:17:19
10;Pyramida;[["html","Napište funkci <b>pyramid(n)</b>, která vykreslí textový obrázek pyramidy o výšce <i>n</i>. "]];[["python64","ZGVmIHB5cmFtaWQobik6CiAgICBmb3IgaSBpbiByYW5nZShuKToKICAgICAgICBwcmludCgiIyIsIGVuZD0iICIpCiAgICBwcmludCgpCQo="]];[["python64","cHlyYW1pZCg1KQo="]];[["python64","ZGVmIHB5cmFtaWQobik6CiAgICBmb3IgaSBpbiByYW5nZShuKToKICAgICAgICBmb3IgaiBpbiByYW5nZSgyICogbiAtIDEpOgogICAgICAgICAgICBpZiBqID49IG4gLSAxIC0gaSBhbmQgaiA8PSBuIC0gMSArIGk6CiAgICAgICAgICAgICAgICBwcmludCgnIycsIGVuZD0iICIpCiAgICAgICAgICAgIGVsc2U6CiAgICAgICAgICAgICAgICBwcmludCgnICcsIGVuZD0iICIpCiAgICAgICAgcHJpbnQoKQoK"]];[["python64","cHlyYW1pZCg2KQo="],["python64","cHlyYW1pZCgxMCkK"],["python64","cHlyYW1pZCgxKQo="],["python64","cHlyYW1pZCgyKQo="],["python64","cHlyYW1pZCg3KQo="]];536800;4;1;2017-11-21 18:17:19
11;Šachovnice;[["html","Napište funkci <b>chessboard(n)</b>, která vykreslí textovou šachovnici o straně délky <i>n</i>. Políčka šachovnice nechť jsou tvořena znaky '.' a '#'. "]];[["python64","ZGVmIGNoZXNzYm9hcmQobik6CiAgICBmb3IgaSBpbiByYW5nZShuKToKICAgICAgICBwcmludCgiIyIsIGVuZD0iICIpCiAgICBwcmludCgpCg=="]];[["python64","Y2hlc3Nib2FyZCg4KQo="]];[["python64","ZGVmIGNoZXNzYm9hcmQobik6CiAgICBmb3IgaSBpbiByYW5nZShuKToKICAgICAgICBmb3IgaiBpbiByYW5nZShuKToKICAgICAgICAgICAgaWYgKGkgKyBqKSAlIDIgPT0gMDoKICAgICAgICAgICAgICAgIHByaW50KCIjIiwgZW5kPSIgIikKICAgICAgICAgICAgZWxzZToKICAgICAgICAgICAgICAgIHByaW50KCIuIiwgZW5kPSIgIikKICAgICAgICBwcmludCgpCg=="]];[["python64","Y2hlc3Nib2FyZCg3KQo="],["python64","Y2hlc3Nib2FyZCg2KQo="],["python64","Y2hlc3Nib2FyZCg1KQo="],["python64","Y2hlc3Nib2FyZCgyKQo="],["python64","Y2hlc3Nib2FyZCg5KQo="],["python64","Y2hlc3Nib2FyZCgxMCkK"]];354425;3;1;2017-11-21 18:17:19
12;Velké X;[["html","Napište funkci <b>cross(n)</b>, která vykreslí ze znaků '#' velké X o velikosti <i>n</i>. "]];[["python64","ZGVmIGJpZ1gobik6CiAgICBwYXNzCg=="]];[["python64","YmlnWCg1KQo="]];[["python64","ZGVmIGJpZ1gobik6CiAgICBmb3IgaSBpbiByYW5nZSgyICogbiAtIDEpOgogICAgICAgIGZvciBqIGluIHJhbmdlKDIgKiBuIC0gMSk6CiAgICAgICAgICAgIGlmIGkgPT0gaiBvciAoMiAqIG4gLSAyKSAtIGkgPT0gajoKICAgICAgICAgICAgICAgIHByaW50KCcjJywgZW5kPSIgIikKICAgICAgICAgICAgZWxzZToKICAgICAgICAgICAgICAgIHByaW50KCcgJywgZW5kPSIgIikKICAgICAgICBwcmludCgpCgo="]];[["python64","YmlnWCg3KQo="],["python64","YmlnWCg2KQo="],["python64","YmlnWCgyKQo="],["python64","YmlnWCgxMCkK"],["python64","YmlnWCg4KQo="],["python64","YmlnWCg0KQo="]];835100;6;1;2017-11-21 18:17:19
13;Průnik řetězců;[["html","Napište funkci <b>string_intersection(left, right)</b>, která pro dva zadané řetězce <i>left</i> a <i>right</i> vypíše písmena, která jsou v obou řetězcích na stejné pozici. "]];[["python64","ZGVmIHN0cmluZ19pbnRlcnNlY3Rpb24obGVmdCwgcmlnaHQpOgogICAgcHJpbnQoKQo="]];[["python64","c3RyaW5nX2ludGVyc2VjdGlvbigiWklSQUZBIiwgIktBUkFGQSIpCnByaW50KCItLSIpCnN0cmluZ19pbnRlcnNlY3Rpb24oIktBUkFURSIsICJLQVJBRkEiKQpwcmludCgiLS0iKQpzdHJpbmdfaW50ZXJzZWN0aW9uKCJBaG9qLCBqYWsgc2UgZG5lc2thIG1hcz8iLCAiTWFtIHNlIGRuZXNrYSBkb2JyZS4iKQo="]];[["python64","ZGVmIHN0cmluZ19pbnRlcnNlY3Rpb24obGVmdCwgcmlnaHQpOgogICAgY29tbW9uX2xlbmd0aCA9IG1pbihsZW4obGVmdCksIGxlbihyaWdodCkpCiAgICBmb3IgaSBpbiByYW5nZShjb21tb25fbGVuZ3RoKToKICAgICAgICBpZiBsZWZ0W2ldID09IHJpZ2h0W2ldOgogICAgICAgICAgICBwcmludChsZWZ0W2ldKQoK"]];[["python64","c3RyaW5nX2ludGVyc2VjdGlvbigiWklSQUZBIiwgIktBUkFGQSIpCg=="],["python64","c3RyaW5nX2ludGVyc2VjdGlvbigiS0FSQVRFIiwgIktBUkFGQSIpCg=="],["python64","c3RyaW5nX2ludGVyc2VjdGlvbigiQUhPSiIsICJBTElDRSIpCg=="],["python64","c3RyaW5nX2ludGVyc2VjdGlvbigiQUJDREUiLCAiWEJYRFgiKQo="],["python64","c3RyaW5nX2ludGVyc2VjdGlvbigiQUJBQkFCQUJBIiwgIkFYQVhBWEEiKQo="],["python64","c3RyaW5nX2ludGVyc2VjdGlvbigiQUJDREVGIiwgIkREREREREREREQiKQo="],["python64","c3RyaW5nX2ludGVyc2VjdGlvbigiQUhPSiIsICJQUkFTRSIpCg=="],["python64","c3RyaW5nX2ludGVyc2VjdGlvbigiQWhvaiwgamFrIHNlIGRuZXNrYSBtYXM/IiwgIk1hbSBzZSBkbmVza2EgZG9icmUuIikK"]];272500;4;1;2017-11-21 18:17:19
14;Palindrom;[["html","Napište funkci <b>palindrom(text)</b>, která otestuje, zda je zadaný řetězec <i>text</i> palindromem (čte se stejně od začátku jako od konce). "]];[["python64","ZGVmIHBhbGluZHJvbSh0ZXh0KToKICAgIHJldHVybiBUcnVlCg=="]];[["python64","cHJpbnQocGFsaW5kcm9tKCJqZWxlbm92aXBpdm9uZWxlaiIpKQpwcmludChwYWxpbmRyb20oInByYXNlIikpCnByaW50KHBhbGluZHJvbSgiYW5uYSIpKQpwcmludChwYWxpbmRyb20oImZyYW50YSIpKQo="]];[["python64","ZGVmIHBhbGluZHJvbSh0ZXh0KToKICAgIGxlbmd0aCA9IGxlbih0ZXh0KQogICAgZm9yIGkgaW4gcmFuZ2UoaW50KGxlbmd0aC8yKSk6CiAgICAgICAgaWYgdGV4dFtpXSAhPSB0ZXh0W2xlbmd0aCAtIDEgLSBpXToKICAgICAgICAgICAgcmV0dXJuIEZhbHNlCiAgICByZXR1cm4gVHJ1ZQoK"]];[["python64","cHJpbnQocGFsaW5kcm9tKCJqZWxlbm92aXBpdm9uZWxlaiIpKQo="],["python64","cHJpbnQocGFsaW5kcm9tKCJwcmFzZSIpKQo="],["python64","cHJpbnQocGFsaW5kcm9tKCJhbm5hIikpCg=="],["python64","cHJpbnQocGFsaW5kcm9tKCJmcmFudGEiKSkK"],["python64","cHJpbnQocGFsaW5kcm9tKCJrYWphayIpKQo="],["python64","cHJpbnQocGFsaW5kcm9tKCJhZnJpa2EiKSkK"],["python64","cHJpbnQocGFsaW5kcm9tKCJsb2wiKSkK"],["python64","cHJpbnQocGFsaW5kcm9tKCJhIikpCg=="],["python64","cHJpbnQocGFsaW5kcm9tKCJnaHdvaHF3b2h3Z2Fwb2hhd29oZ2FzIikpCg=="]];221600;5;1;2017-11-21 18:17:19
15;Každé druhé číslo;[["html","Napište funkci <b>every_second_number(num_list)</b>, která ze zadaného seznamu čísel <i>num_list</i> vypíše každé druhé číslo (počínaje prvním). "]];[["python64","ZGVmIGV2ZXJ5X3NlY29uZF9udW1iZXIobnVtX2xpc3QpOgogICAgcHJpbnQobnVtX2xpc3RbMF0pCg=="]];[["python64","ZXZlcnlfc2Vjb25kX251bWJlcihbMSwgNSwgNCwgMywgMl0pICAgICAgICAgICAgCg=="]];[["python64","ZGVmIGV2ZXJ5X3NlY29uZF9udW1iZXIobnVtX2xpc3QpOgogICAgZm9yIGkgaW4gcmFuZ2UobGVuKG51bV9saXN0KSk6CiAgICAgICAgaWYgaSAlIDIgPT0gMDoKICAgICAgICAgICAgcHJpbnQobnVtX2xpc3RbaV0pCg=="]];[["python64","ZXZlcnlfc2Vjb25kX251bWJlcihbMSwgNSwgNCwgMywgMl0pICAgICAgICAgICAgCg=="],["python64","ZXZlcnlfc2Vjb25kX251bWJlcihbMSwgMiwgMywgNCwgNSwgNiwgN10pICAgICAgICAgICAgCg=="],["python64","ZXZlcnlfc2Vjb25kX251bWJlcihbOCwgNCwgMywgMl0pICAgICAgICAgICAgCg=="],["python64","ZXZlcnlfc2Vjb25kX251bWJlcihbN10pICAgICAgICAgICAgCg=="],["python64","ZXZlcnlfc2Vjb25kX251bWJlcihbXSkgICAgICAgICAgICAK"],["python64","ZXZlcnlfc2Vjb25kX251bWJlcihbOSwgMTIsIDI0MSwgMTIsIDEsIDUsIDQsIDMsIDJdKSAgICAgICAgICAgIAo="]];138600;3;1;2017-11-21 18:17:19
16;Maximální sousedi;[["html","Napište funkci <b>max_pair_sum(num_list)</b>, která pro zadaný seznam kladných čísel <i>num_list</i> vypočítá nejvyšší součet dvou po sobě jdoucích čísel. "]];[["python64","ZGVmIG1heF9wYWlyX3N1bShudW1fbGlzdCk6CiAgICByZXR1cm4gMAo="]];[["python64","cHJpbnQobWF4X3BhaXJfc3VtKFsxLCA4LCA3LCAzLCA1LCAyXSkpCg=="]];[["python64","ZGVmIG1heF9wYWlyX3N1bShudW1fbGlzdCk6CiAgICBtID0gMAogICAgZm9yIGkgaW4gcmFuZ2UobGVuKG51bV9saXN0KS0xKToKICAgICAgICBtID0gbWF4KG0sIG51bV9saXN0W2ldICsgbnVtX2xpc3RbaSsxXSkKICAgIHJldHVybiBtICAgIAo="]];[["python64","cHJpbnQobWF4X3BhaXJfc3VtKFsxLCA4LCA3LCAzLCA1LCAyLCA2XSkpCg=="],["python64","cHJpbnQobWF4X3BhaXJfc3VtKFsxLCAyLCAzLCA0LCA1LCA2LCA3XSkpCg=="],["python64","cHJpbnQobWF4X3BhaXJfc3VtKFsxLCAyLCAzLCA0LCA1LCA2LCA3LCAzLCAyXSkpCg=="],["python64","cHJpbnQobWF4X3BhaXJfc3VtKFsxLCAyLCA0NSwgNCwgNSwgNiwgNywgMywgMl0pKQo="],["python64","cHJpbnQobWF4X3BhaXJfc3VtKFsxLCA3LCAzLCA4LCA1LCA2LCA3LCA0LCAyXSkpCg=="],["python64","cHJpbnQobWF4X3BhaXJfc3VtKFsxLCAyLCAzLCAxLCAxLCAxLCAyLCAxLCAyXSkpCg=="],["python64","cHJpbnQobWF4X3BhaXJfc3VtKFs5LCAyLCAzLCA0LCA3LCAxLCAyLCAzLCA0XSkpCg=="]];262000;7;1;2017-11-21 18:17:19
17;Vyber násobky pěti;[["html","Napište funkci <b>five_multiples(num_list)</b>, která vezme seznam čísel <i>num_list</i> a vrátí seznam těch čísla ze seznamu, která jsou dělitelná pěti (v původním pořadí). "]];[["python64","ZGVmIGZpdmVfbXVsdGlwbGVzKG51bV9saXN0KToKICAgIHJldHVybiBbXQo="]];[["python64","cHJpbnQoZml2ZV9tdWx0aXBsZXMoWzMsIDUsIDI1LCA0LCA3LCA0OSwgMzUsIDEyXSkpCg=="]];[["python64","ZGVmIGZpdmVfbXVsdGlwbGVzKG51bV9saXN0KToKICAgIG91dHB1dCA9IFtdCiAgICBmb3IgbnVtIGluIG51bV9saXN0OgogICAgICAgIGlmIG51bSAlIDUgPT0gMDoKICAgICAgICAgICAgb3V0cHV0LmFwcGVuZChudW0pCiAgICByZXR1cm4gb3V0cHV0Cg=="]];[["python64","cHJpbnQoZml2ZV9tdWx0aXBsZXMoWzMsIDUsIDI1XSkpCg=="],["python64","cHJpbnQoZml2ZV9tdWx0aXBsZXMoWzMsIDQsIDI3LCA0LCA3LCA0OSwgMzYsIDEyXSkpCg=="],["python64","cHJpbnQoZml2ZV9tdWx0aXBsZXMoWzEwLCA1LCAyNSwgMCwgMzVdKSkK"],["python64","cHJpbnQoZml2ZV9tdWx0aXBsZXMoWzM1LCA0NSwgMTI1LCA0LCA3LCA0OSwgMzUsIDEyMF0pKQo="],["python64","cHJpbnQoZml2ZV9tdWx0aXBsZXMoWzUsIDI1LCA0LCA3LCA0OSwgMzUsIDEyLCAzXSkpCg=="],["python64","cHJpbnQoZml2ZV9tdWx0aXBsZXMoWzI1NSwgNCwgNzUsIDQsIDM1LCAxXSkpCg=="],["python64","cHJpbnQoZml2ZV9tdWx0aXBsZXMoWzM1NSwgNSwgMjUsIDQsIDcsIDQ5LCAzNTcsIDEyNV0pKQo="]];127000;1;1;2017-11-21 18:17:19
18;Ciferný součet;[["html","Napište funkci <b>digit_sum(n)</b>, která vrátí ciferný součet čísla <i>n</i>. "]];[["python64","ZGVmIGRpZ2l0X3N1bShuKToKICAgIHJldHVybiAwCg=="]];[["python64","cHJpbnQoZGlnaXRfc3VtKDEyNSkpCnByaW50KGRpZ2l0X3N1bSg1OCkpCnByaW50KGRpZ2l0X3N1bSg0MTU0NTgpKQo="]];[["python64","ZGVmIGRpZ2l0X3N1bShuKTogICAgCiAgICBzID0gMAogICAgd2hpbGUgbiA+IDA6CiAgICAgICAgcyArPSBuICUgMTAKICAgICAgICBuID0gbiAvLyAxMAogICAgcmV0dXJuIHMKCg=="]];[["python64","cHJpbnQoZGlnaXRfc3VtKDEyNSkpCg=="],["python64","cHJpbnQoZGlnaXRfc3VtKDU4KSkK"],["python64","cHJpbnQoZGlnaXRfc3VtKDQxNTQ1OCkpCg=="],["python64","cHJpbnQoZGlnaXRfc3VtKDQxNTMzNDU4KSkK"],["python64","cHJpbnQoZGlnaXRfc3VtKDQpKQo="],["python64","cHJpbnQoZGlnaXRfc3VtKDEwKSkK"],["python64","cHJpbnQoZGlnaXRfc3VtKDEwMCkpCg=="],["python64","cHJpbnQoZGlnaXRfc3VtKDkwMDAwOSkpCg=="]];241600;5;1;2017-11-21 18:17:19
19;Cik-cak;[["html","Napište funkci <b>zigzag(text)</b>, vypíše zadaný text 'cik-cak' na dva řádky s prázdnými místy vyznačenými tečkami (viz ukázkový výstup). "]];[["python64","ZGVmIHppZ3phZyh0ZXh0KToKICAgIHByaW50KHRleHQpCg=="]];[["python64","emlnemFnKCJQQVJEVUJJQ0UiKQo="]];[["python64","ZGVmIHppZ3phZyh0ZXh0KToKICAgIGxpbmUodGV4dCwgMCkKICAgIGxpbmUodGV4dCwgMSkKICAgIApkZWYgbGluZSh0ZXh0LCBwYXJpdGEpOgogICAgZm9yIGkgaW4gcmFuZ2UobGVuKHRleHQpKToKICAgICAgICBpZiBpICUgMiA9PSBwYXJpdGE6CiAgICAgICAgICAgIHByaW50KHRleHRbaV0sIGVuZD0iIikKICAgICAgICBlbHNlOgogICAgICAgICAgICBwcmludCgiLiIsIGVuZD0iIikKICAgIHByaW50KCkK"]];[["python64","emlnemFnKCJCUk5PIikK"],["python64","emlnemFnKCJoZWxsbyIpCg=="],["python64","emlnemFnKCJhYmNkZWZnaGlqa2xtbm9wcXJzdHV2d3h5eiIpCg=="],["python64","emlnemFnKCJhYmxhZ2h3b2h3b2giKQo="],["python64","emlnemFnKCJBR09XT0lIWEFCTkxBSElPR0hBR0hBIikK"],["python64","emlnemFnKCJBR09XT0lIWEFCTkxhZ3NoYW9naGFvcGhnIikK"],["python64","emlnemFnKCJhZ2FnYTU0NDY0ODU0b3BoZyIpCg=="]];485450;9;1;2017-11-21 18:17:19
20;Počet dělitelů;[["html","Napište funkci <b>divisors_count(n)</b>, která pro zadané přirozené číslo <i>n</i> vrátí počet jeho přirozených dělitelů. "]];[["python64","ZGVmIGRpdmlzb3JzX2NvdW50KG4pOgogICAgcmV0dXJuIDAK"]];[["python64","cHJpbnQoZGl2aXNvcnNfY291bnQoMjQpKQo="]];[["python64","ZGVmIGRpdmlzb3JzX2NvdW50KG4pOgogICAgY291bnQgPSAwCiAgICBmb3IgaSBpbiByYW5nZSgxLCBuICsgMSk6CiAgICAgICAgaWYgbiAlIGkgPT0gMDoKICAgICAgICAgICAgY291bnQgKz0gMQogICAgcmV0dXJuIGNvdW50Cg=="]];[["python64","cHJpbnQoZGl2aXNvcnNfY291bnQoNSkpCg=="],["python64","cHJpbnQoZGl2aXNvcnNfY291bnQoMTAyKSkK"],["python64","cHJpbnQoZGl2aXNvcnNfY291bnQoMzYpKQo="],["python64","cHJpbnQoZGl2aXNvcnNfY291bnQoNDgpKQo="],["python64","cHJpbnQoZGl2aXNvcnNfY291bnQoOSkpCg=="],["python64","cHJpbnQoZGl2aXNvcnNfY291bnQoMSkpCg=="],["python64","cHJpbnQoZGl2aXNvcnNfY291bnQoMTIpKQo="]];209625;3;1;2017-11-21 18:17:19
21;Mocniny;[["html","Napište funkci <b>powers(base, n)</b>, která vypíše prvních <i>n</i> mocnin čísla <i>base</i>. "]];[["python64","ZGVmIHBvd2VycyhiYXNlLCBuKToKICAgIHByaW50KGJhc2UpCg=="]];[["python64","cG93ZXJzKDIsIDcpCg=="]];[["python64","ZGVmIHBvd2VycyhiYXNlLCBuKToKICAgIGN1cnJlbnQgPSBiYXNlCiAgICBmb3IgaSBpbiByYW5nZShuKToKICAgICAgICBwcmludChjdXJyZW50KQogICAgICAgIGN1cnJlbnQgPSBjdXJyZW50ICogYmFzZQogICAgcHJpbnQoKQo="]];[["python64","cG93ZXJzKDIsIDEwKQo="],["python64","cG93ZXJzKDMsIDUpCg=="],["python64","cG93ZXJzKDUsIDMpCg=="],["python64","cG93ZXJzKDcsIDYpCg=="],["python64","cG93ZXJzKDksIDIpCg=="]];152000;2;1;2017-11-23 10:29:05
22;Výpis prvočísel;[["html","Napište funkci <b>print_primes(n)</b>, která vypíše prvních <i>n</i> prvočísel (prvočíslo je přirozené číslo, které je dělitelné pouze jedničkou a sebou samým). "]];[["python64","ZGVmIHByaW50X3ByaW1lcyhuKToKICAgIHByaW50KCkK"]];[["python64","cHJpbnRfcHJpbWVzKDEwKQo="]];[["python64","ZGVmIHByaW50X3ByaW1lcyhuKToKICAgIGsgPSAxCiAgICB3aGlsZSBuID4gMDoKICAgICAgICBpZiBkaXZpc29yc19jb3VudChrKSA9PSAyOgogICAgICAgICAgICBwcmludChrKQogICAgICAgICAgICBuIC09IDEKICAgICAgICBrICs9IDEKCmRlZiBkaXZpc29yc19jb3VudChuKToKICAgIGNvdW50ID0gMAogICAgZm9yIGkgaW4gcmFuZ2UoMSwgbiArIDEpOgogICAgICAgIGlmIG4gJSBpID09IDA6CiAgICAgICAgICAgIGNvdW50ICs9IDEKICAgIHJldHVybiBjb3VudAo="]];[["python64","cHJpbnRfcHJpbWVzKDMwKQo="],["python64","cHJpbnRfcHJpbWVzKDMpCg=="],["python64","cHJpbnRfcHJpbWVzKDYwKQo="],["python64","cHJpbnRfcHJpbWVzKDIwKQo="],["python64","cHJpbnRfcHJpbWVzKDEwMCkK"]];726200;8;1;2017-11-23 10:42:11
23;Největší společný dělitel;[["html","Napište funkci <b>greatest_common_divisor(a, b)</b>, která pro zadaná čísla     <i>a</i>, <i>b</i> vrátí jejich největšího společného dělitele. "]];[["python64","ZGVmIGdyZWF0ZXN0X2NvbW1vbl9kaXZpc29yKGEsIGIpOgogICAgcmV0dXJuIDEK"]];[["python64","cHJpbnQoZ3JlYXRlc3RfY29tbW9uX2Rpdmlzb3IoMjQsIDM2KSkKcHJpbnQoZ3JlYXRlc3RfY29tbW9uX2Rpdmlzb3IoNywgMjcpKQpwcmludChncmVhdGVzdF9jb21tb25fZGl2aXNvcig0OCwgNjQpKQpwcmludChncmVhdGVzdF9jb21tb25fZGl2aXNvcig0OCwgNjUpKQo="]];[["python64","ZGVmIGdyZWF0ZXN0X2NvbW1vbl9kaXZpc29yKGEsIGIpOgogICAgd2hpbGUgYToKICAgICAgICBhLCBiID0gYiAlIGEsIGEKICAgIHJldHVybiBiCg=="]];[["python64","cHJpbnQoZ3JlYXRlc3RfY29tbW9uX2Rpdmlzb3IoMjQsIDM2KSkK"],["python64","cHJpbnQoZ3JlYXRlc3RfY29tbW9uX2Rpdmlzb3IoNywgMjgpKQo="],["python64","cHJpbnQoZ3JlYXRlc3RfY29tbW9uX2Rpdmlzb3IoMTIsIDE2KSkK"],["python64","cHJpbnQoZ3JlYXRlc3RfY29tbW9uX2Rpdmlzb3IoNDgsIDY0KSkK"],["python64","cHJpbnQoZ3JlYXRlc3RfY29tbW9uX2Rpdmlzb3IoNDgsIDY1KSkK"],["python64","cHJpbnQoZ3JlYXRlc3RfY29tbW9uX2Rpdmlzb3IoNDgsIDY2KSkK"],["python64","cHJpbnQoZ3JlYXRlc3RfY29tbW9uX2Rpdmlzb3IoMTQ4LCAxNjQpKQo="],["python64","cHJpbnQoZ3JlYXRlc3RfY29tbW9uX2Rpdmlzb3IoMTQ4LCAyNDgpKQo="],["python64","cHJpbnQoZ3JlYXRlc3RfY29tbW9uX2Rpdmlzb3IoNTc0ODUsIDQ0NjUpKQo="]];324025;6;1;2017-11-23 10:51:20
24;Zjednodušení seznamu;[["html","Napište funkci <b>flatten(lists)</b>, která jako argument bere seznam seznamů čísel a vrátí na výstup jednoduchý seznam čísel (viz ukázka)."]];[["python64","ZGVmIGZsYXR0ZW4obGlzdHMpOgogICAgcmV0dXJuIFtdCg=="]];[["python64","cHJpbnQoZmxhdHRlbihbWzEsIDJdLCBbMywgNF1dKSkKcHJpbnQoZmxhdHRlbihbWzAsIDIsIDNdLCBbMSwgMiwgM10sIFs5LCAxMF1dKSkK"]];[["python64","ZGVmIGZsYXR0ZW4obGlzdHMpOgogICAgZmxhdF9saXN0ID0gW10KICAgIGZvciBuZXN0ZWRfbGlzdCBpbiBsaXN0czoKICAgICAgICBmb3IgZWxlbWVudCBpbiBuZXN0ZWRfbGlzdDoKICAgICAgICAgICAgZmxhdF9saXN0LmFwcGVuZChlbGVtZW50KQogICAgcmV0dXJuIGZsYXRfbGlzdAo="]];[["python64","cHJpbnQoZmxhdHRlbihbWzEsIDJdLCBbMywgNF1dKSkK"],["python64","cHJpbnQoZmxhdHRlbihbWzEsIDIsIDNdLCBbNSwgNF1dKSkK"],["python64","cHJpbnQoZmxhdHRlbihbWzAsIDIsIDNdLCBbMSwgMiwgM10sIFs5LCAxMF1dKSkK"],["python64","cHJpbnQoZmxhdHRlbihbWzEsIDIsIDNdLCBbOSwgMTBdXSkpCg=="],["python64","cHJpbnQoZmxhdHRlbihbWzEsIDIsIDNdLCBbNCwgMiwgM10sIFs5LCAxMF1dKSkK"],["python64","cHJpbnQoZmxhdHRlbihbWzEsIDIsIDNdLCBbNCwgMiwgM10sIFs5LCAxMF0sIFsxMDBdXSkpCg=="]];164053;5;0;2017-11-23 10:56:31
25;Počet A;[["html","Napište funkci <b>count_a(text)</b>, která v řetězci <i>text</i> spočítá počet     výskytů písmene 'a' (malé i velké písmeno). "]];[["python64","ZGVmIGNvdW50X2EodGV4dCk6CiAgICByZXR1cm4gMAo="]];[["python64","cHJpbnQoY291bnRfYSgiQWJlY2VkYSIpKQpwcmludChjb3VudF9hKCJzbG9uIikpCnByaW50KGNvdW50X2EoInByYXNlIikpCg=="]];[["python64","ZGVmIGNvdW50X2EodGV4dCk6CiAgICBjb3VudCA9IDAKICAgIGZvciBjaGFyIGluIHRleHQ6CiAgICAgICAgaWYgY2hhci51cHBlcigpID09ICdBJzoKICAgICAgICAgICAgY291bnQgKz0gMQogICAgcmV0dXJuIGNvdW50CiAgICAKCg=="]];[["python64","cHJpbnQoY291bnRfYSgiQWJlY2VkYSIpKQo="],["python64","cHJpbnQoY291bnRfYSgic2xvbmljZSBBbGljZSIpKQo="],["python64","cHJpbnQoY291bnRfYSgicHJhc2UiKSkK"],["python64","cHJpbnQoY291bnRfYSgiQUFBQUFBYWFhYWFhYWFhYWFhYWEiKSkK"],["python64","cHJpbnQoY291bnRfYSgiYWJjZGVmIikpCg=="],["python64","cHJpbnQoY291bnRfYSgieGF4QWFYQUF4YSIpKQo="],["python64","cHJpbnQoY291bnRfYSgia3JhYmljZSIpKQo="]];176750;2;1;2017-11-23 14:25:42
26;Cenzura;[["html","Napište funkci <b>censorship(text)</b>, která vrátí zadaný řetězec <i>text</i>, ve kterém nahradí každé druhé písmeno za X. "]];[["python64","ZGVmIGNlbnNvcnNoaXAodGV4dCk6CiAgICByZXR1cm4gdGV4dAo="]];[["python64","cHJpbnQoY2Vuc29yc2hpcCgiVGFqbmEgenByYXZhIikpCg=="]];[["python64","ZGVmIGNlbnNvcnNoaXAodGV4dCk6CiAgICBvdXRwdXQgPSAiIgogICAgaSA9IDEKICAgIGZvciBjaGFyIGluIHRleHQ6CiAgICAgICAgaWYgaSAlIDIgPT0gMDoKICAgICAgICAgICAgb3V0cHV0ICs9ICJYIgogICAgICAgIGVsc2U6CiAgICAgICAgICAgIG91dHB1dCArPSBjaGFyCiAgICAgICAgaSArPSAxCiAgICByZXR1cm4gb3V0cHV0CiAgICAKCg=="]];[["python64","cHJpbnQoY2Vuc29yc2hpcCgiVGFqbmEgenByYXZhIikpCg=="],["python64","cHJpbnQoY2Vuc29yc2hpcCgiQWJlY2VkYSIpKQo="],["python64","cHJpbnQoY2Vuc29yc2hpcCgiamVkbmEgZHZhIHRyaSBjdHlyaSBwZXQiKSkK"],["python64","cHJpbnQoY2Vuc29yc2hpcCgia29sb2JlemthIikpCg=="],["python64","cHJpbnQoY2Vuc29yc2hpcCgia29sbyIpKQo="],["python64","cHJpbnQoY2Vuc29yc2hpcCgicGVzIikpCg=="]];327800;8;1;2017-11-23 14:29:49
27;První písmena;[["html","Napište funkci <b>first_letters(text)</b>, která vypíše první písmena slov ze zadaného řetězce <i>text</i>. "]];[["python64","ZGVmIGZpcnN0X2xldHRlcnModGV4dCk6CiAgICBwcmludCgpCg=="]];[["python64","Zmlyc3RfbGV0dGVycygiamVkbmEgZHZhIHRyaSBjdHlyaSBwZXQiKQpmaXJzdF9sZXR0ZXJzKCJwb3pvciBuYSAgIHZpY2UgIG1lemVyIikK"]];[["python64","ZGVmIGZpcnN0X2xldHRlcnModGV4dCk6CiAgICBmb3Igd29yZCBpbiB0ZXh0LnNwbGl0KCk6CiAgICAgICAgcHJpbnQod29yZFswXSwgZW5kPSIgIikKICAgIHByaW50KCkK"]];[["python64","Zmlyc3RfbGV0dGVycygiamVkbmEgZHZhIHRyaSBjdHlyaSBwZXQiKQo="],["python64","Zmlyc3RfbGV0dGVycygicG96b3IgbmEgICB2aWNlICBtZXplciIpCg=="],["python64","Zmlyc3RfbGV0dGVycygiQnJubyIpCg=="],["python64","Zmlyc3RfbGV0dGVycygiQnJubywgUHJhaGEsIE9zdHJhdmEsIE9sb21vdWMiKQo="],["python64","Zmlyc3RfbGV0dGVycygiSSBoYXZlIGEgZHJlYW0uIikK"],["python64","Zmlyc3RfbGV0dGVycygiTmVzbXlzbHk6IGFiYyBkZWYgICBzZ2dhbyAgZ3NoICAgYWdoYWciKQo="]];276175;6;1;2017-11-23 14:37:34
28;Zipování řetězců;[["html","Napište funkci <b>string_zip(text1, text2)</b>, která vezme dva řetězce <i>text1</i> a <i>text2</i> a vrátí jejich zazipovanou podobu (písmena z obou řetězců na střídačku). "]];[["python64","ZGVmIHN0cmluZ196aXAodGV4dDEsIHRleHQyKToKICAgIHJldHVybiAiIgo="]];[["python64","cHJpbnQoc3RyaW5nX3ppcCgib3ZjZSIsICJrb3phIikpCnByaW50KHN0cmluZ196aXAoIlBhcmR1YmljZSIsICJCcm5vIikpCg=="]];[["python64","ZGVmIHN0cmluZ196aXAodGV4dDEsIHRleHQyKToKICAgIHJlc3VsdCA9ICIiCiAgICBmb3IgaSBpbiByYW5nZShtYXgobGVuKHRleHQxKSwgbGVuKHRleHQyKSkpOgogICAgICAgIGlmIGkgPCBsZW4odGV4dDEpOgogICAgICAgICAgICByZXN1bHQgKz0gdGV4dDFbaV0KICAgICAgICBpZiBpIDwgbGVuKHRleHQyKToKICAgICAgICAgICAgcmVzdWx0ICs9IHRleHQyW2ldCiAgICByZXR1cm4ocmVzdWx0KSAgICAK"]];[["python64","cHJpbnQoc3RyaW5nX3ppcCgib3ZjZSIsICJrb3phIikpCg=="],["python64","cHJpbnQoc3RyaW5nX3ppcCgiUGFyZHViaWNlIiwgIkJybm8iKSkK"],["python64","cHJpbnQoc3RyaW5nX3ppcCgiamVkbmEgZHZlIiwgInRyaSBjdHlyaSBwZXQiKSkK"],["python64","cHJpbnQoc3RyaW5nX3ppcCgiYWJjZGVmIiwgInh5eiIpKQo="],["python64","cHJpbnQoc3RyaW5nX3ppcCgiZ2E7aG9sYW9paGd3IiwgIjMyNjRnbGdvMjNuZyIpKQo="],["python64","cHJpbnQoc3RyaW5nX3ppcCgicHJhc2UiLCAidmVsYmxvdWQiKSkK"]];649450;11;1;2017-11-23 14:47:31
29;Unikátní prvky;[["html","Napište funkci <b>unique(mylist)</b>, která vrátí seznam obsahující každý prvek ze seznamu <i>mylist</i> právě jedenkrát (v pořadí prvních výskytů v původním seznamu). "]];[["python64","ZGVmIHVuaXF1ZShteWxpc3QpOgogICAgcmV0dXJuIG15bGlzdAo="]];[["python64","cHJpbnQodW5pcXVlKFsxLCAyLCAzLCAyLCAxXSkpCnByaW50KHVuaXF1ZShbMywgNywgNSwgMywgMSwgMiwgMywgMSwgN10pKQo="]];[["python64","ZGVmIHVuaXF1ZShteWxpc3QpOgogICAgcmVzdWx0ID0gW10KICAgIGZvciBpIGluIHJhbmdlKGxlbihteWxpc3QpKToKICAgICAgICBpZiBteWxpc3RbaV0gbm90IGluIHJlc3VsdDoKICAgICAgICAgICAgcmVzdWx0LmFwcGVuZChteWxpc3RbaV0pCiAgICByZXR1cm4gcmVzdWx0Cg=="]];[["python64","cHJpbnQodW5pcXVlKFsxLCAyLCAzLCAyLCAxXSkpCg=="],["python64","cHJpbnQodW5pcXVlKFszLCA3LCA1LCAzLCAxLCAyLCAzLCAxLCA3XSkpCg=="],["python64","cHJpbnQodW5pcXVlKFsxLCAyLCAzLCAxLCA3LCA3LCA3LCA3XSkpCg=="],["python64","cHJpbnQodW5pcXVlKFszLCA3LCA2NjUsIDMsIDEsIDIsIDMsIDgsIDddKSkK"],["python64","cHJpbnQodW5pcXVlKFszLCAzNywgNSwgMzcsIDEsIDIsIDM3LCAxLCA3XSkpCg=="],["python64","cHJpbnQodW5pcXVlKFsxXSkpCg=="],["python64","cHJpbnQodW5pcXVlKFsxLCAyLCAzXSkpCg=="],["python64","cHJpbnQodW5pcXVlKFtdKSkK"],["python64","cHJpbnQodW5pcXVlKFszLCA3LCA1LCAzLCAxLCAyLCAzLCAxLCA4LCA4LCA4LCA4LCA5LCA3XSkpCg=="]];142075;4;1;2017-11-23 14:59:20
30;Nejčastější prvek;[["html","Napište funkci <b>most_common(mylist)</b>, která najde nejčastější prvek v seznamu čísel. Pokud je nejčastějších prvků více, vypíše ten nejmenší z nich. Můžete předpokládat, že seznam obsahuje alespoň jedno číslo. "]];[["python64","ZGVmIG1vc3RfY29tbW9uKG15bGlzdCk6CiAgICByZXR1cm4gMAo="]];[["python64","cHJpbnQobW9zdF9jb21tb24oWzMsIDcsIDUsIDMsIDEsIDIsIDMsIDEsIDddKSkKcHJpbnQobW9zdF9jb21tb24oWzMsIDcsIDFdKSkK"]];[["python64","ZGVmIG1vc3RfY29tbW9uKG15bGlzdCk6ICAgIAogICAgbXlsaXN0ID0gc29ydGVkKG15bGlzdCkKICAgIG1heF92YWx1ZSwgbWF4X2NvdW50ID0gTm9uZSwgMAogICAgY3VycmVudF92YWx1ZSwgY3VycmVudF9jb3VudCA9IE5vbmUsIDAKICAgIGZvciB2YWx1ZSBpbiBteWxpc3Q6CiAgICAgICAgaWYgdmFsdWUgPT0gY3VycmVudF92YWx1ZToKICAgICAgICAgICAgY3VycmVudF9jb3VudCArPSAxCiAgICAgICAgZWxzZToKICAgICAgICAgICAgY3VycmVudF92YWx1ZSA9IHZhbHVlCiAgICAgICAgICAgIGN1cnJlbnRfY291bnQgPSAxCiAgICAgICAgaWYgY3VycmVudF9jb3VudCA+IG1heF9jb3VudDoKICAgICAgICAgICAgbWF4X3ZhbHVlID0gY3VycmVudF92YWx1ZQogICAgICAgICAgICBtYXhfY291bnQgPSBjdXJyZW50X2NvdW50CiAgICByZXR1cm4gbWF4X3ZhbHVlCg=="]];[["python64","cHJpbnQobW9zdF9jb21tb24oWzMsIDcsIDUsIDMsIDEsIDIsIDMsIDEsIDddKSkK"],["python64","cHJpbnQobW9zdF9jb21tb24oWzMsIDcsIDFdKSkK"],["python64","cHJpbnQobW9zdF9jb21tb24oWzMsIDcsIDcsIDMsIDcsIDIsIDcsIDEsIDddKSkK"],["python64","cHJpbnQobW9zdF9jb21tb24oWzMsIDcsIDQsIDQsIDQsIDQsIDQsIDEsIDddKSkK"],["python64","cHJpbnQobW9zdF9jb21tb24oWzNdKSkK"],["python64","cHJpbnQobW9zdF9jb21tb24oWzUsIDUsIDUsIDIsIDVdKSkK"],["python64","cHJpbnQobW9zdF9jb21tb24oWzMsIDcsIDUsIDMsIDEsIDIsIDMsIDEsIDcsIDEsIDEsIDFdKSkK"]];717900;10;1;2017-11-23 15:50:46
31;Nejdelší slovo v seznamu;[["html","Napište funkci <b>find_longest_word(words_list)</b>, která vrátí nejdelší slovo ze zadaného seznamu slov <i>words_list</i>. Pokud je nejdelších slov více, vrátí to z nich, které je v seznamu uvedeno jako první. "]];[["python64","ZGVmIGZpbmRfbG9uZ2VzdF93b3JkKHdvcmRzX2xpc3QpOgogICAgcmV0dXJuICIiCg=="]];[["python64","cHJpbnQoZmluZF9sb25nZXN0X3dvcmQoWyJzbG9uIiwgInByYXNlIiwgImtvemEiLCAicGVzIiwgImtyYXZhIl0pKQo="]];[["python64","ZGVmIGZpbmRfbG9uZ2VzdF93b3JkKHdvcmRzX2xpc3QpOgogICAgbG9uZ2VzdCA9ICIiCiAgICBmb3IgdyBpbiB3b3Jkc19saXN0OgogICAgICAgIGlmIGxlbih3KSA+IGxlbihsb25nZXN0KToKICAgICAgICAgICAgbG9uZ2VzdCA9IHcKICAgIHJldHVybiBsb25nZXN0IAo="]];[["python64","cHJpbnQoZmluZF9sb25nZXN0X3dvcmQoWyJzbG9uIiwgInByYXNlIiwgImtvemEiLCAicGVzIiwgImtyYXZhIl0pKQo="],["python64","cHJpbnQoZmluZF9sb25nZXN0X3dvcmQoWyJzbG9uIiwgInByYXNlIiwgInZlbGJsb3VkIiwgInBlcyIsICJrcmF2YSJdKSkK"],["python64","cHJpbnQoZmluZF9sb25nZXN0X3dvcmQoWyJzbG9uIl0pKQo="],["python64","cHJpbnQoZmluZF9sb25nZXN0X3dvcmQoWyJrb3NhdGthIiwgInByYXNlIiwgImtvemEiLCAicGVzIiwgImtyYXZhIl0pKQo="],["python64","cHJpbnQoZmluZF9sb25nZXN0X3dvcmQoWyJvdmNlIiwgInNsb24iLCAia296YSIsICJwZXMiXSkpCg=="],["python64","cHJpbnQoZmluZF9sb25nZXN0X3dvcmQoWyJzbG9uIiwgImtvemEiLCAicGVzIiwgIm92Y2UiXSkpCg=="],["python64","cHJpbnQoZmluZF9sb25nZXN0X3dvcmQoWyJhYmMiLCAienp6enp6eiIsICJzc3NzIiwgImVlZWRlZGVkZCIsICJ4IiwgInoiLCAiZGZhIl0pKQo="],["python64","cHJpbnQoZmluZF9sb25nZXN0X3dvcmQoWyJrb3phIiwgInBlcyIsICJvdmNlIiwgInNsb24iXSkpCg=="]];185450;6;1;2017-11-23 16:00:51
32;Blízko padesátky;[["html","Napište funkci <b>near_fifty(n)</b>, která rozhodne, zda zadané číslo <i>n</i> se nachází 'blízko' čísla 50 nebo 150 (je maximálně o 10 větší nebo menší)."]];[["python64","ZGVmIG5lYXJfZmlmdHkobik6CiAgICByZXR1cm4gRmFsc2UK"]];[["python64","cHJpbnQobmVhcl9maWZ0eSg0OCkpCnByaW50KG5lYXJfZmlmdHkoNjgpKQpwcmludChuZWFyX2ZpZnR5KDEyMCkpCnByaW50KG5lYXJfZmlmdHkoMTYwKSkK"]];[["python64","ZGVmIG5lYXJfZmlmdHkobik6CiAgICByZXR1cm4gYWJzKG4tNTApIDw9IDEwIG9yIGFicyhuLTE1MCkgPD0gMTAK"]];[["python64","cHJpbnQobmVhcl9maWZ0eSg1OCkpCg=="],["python64","cHJpbnQobmVhcl9maWZ0eSgxNjgpKQo="],["python64","cHJpbnQobmVhcl9maWZ0eSgyMCkpCg=="],["python64","cHJpbnQobmVhcl9maWZ0eSg0MCkpCg=="],["python64","cHJpbnQobmVhcl9maWZ0eSgxNTMpKQo="],["python64","cHJpbnQobmVhcl9maWZ0eSgyNTApKQo="]];222200;7;1;2017-11-24 12:45:20
33;Pokuta;[["html","Policista potřebuje pomoct s udělováním pokut. Zašel do baru a zjistil věk (<i>age</i>) občana a to, zda pije pivo (<i>beer</i>). Napište funkci <b>impose_fine(age, beer)</b>, která vrátí True v případě, že občan je nezletilý a pije pivo. "]];[["python64","ZGVmIGltcG9zZV9maW5lKGFnZSwgYmVlcik6CiAgICByZXR1cm4gRmFsc2UK"]];[["python64","cHJpbnQoaW1wb3NlX2ZpbmUoMjAsIFRydWUpKQpwcmludChpbXBvc2VfZmluZSgxNSwgRmFsc2UpKQpwcmludChpbXBvc2VfZmluZSgxNywgVHJ1ZSkpCnByaW50KGltcG9zZV9maW5lKDU3LCBUcnVlKSkK"]];[["python64","ZGVmIGltcG9zZV9maW5lKGFnZSwgYmVlcik6CiAgICByZXR1cm4gYWdlIDwgMTggYW5kIGJlZXIK"]];[["python64","cHJpbnQoaW1wb3NlX2ZpbmUoMjEsIFRydWUpKQo="],["python64","cHJpbnQoaW1wb3NlX2ZpbmUoMTYsIEZhbHNlKSkK"],["python64","cHJpbnQoaW1wb3NlX2ZpbmUoMTQsIFRydWUpKQo="],["python64","cHJpbnQoaW1wb3NlX2ZpbmUoNTYsIFRydWUpKQo="],["python64","cHJpbnQoaW1wb3NlX2ZpbmUoMTYsIEZhbHNlKSkK"],["python64","cHJpbnQoaW1wb3NlX2ZpbmUoMTYsIFRydWUpKQo="]];140500;3;1;2017-11-24 12:53:29
34;Násobky;[["html","Napište funkci <b>multiples(n)</b>, která vypíše informaci o násobcích čísla <i>n</i> podle uvedené ukázky."]];[["python64","ZGVmIG11bHRpcGxlcyhuKToKICAgIHByaW50KCJEdm9qbmFzb2JlayIsIG4pCg=="]];[["python64","bXVsdGlwbGVzKDcpCg=="]];[["python64","ZGVmIG11bHRpcGxlcyhuKToKICAgIHByaW50KCJEdm9qbmFzb2JlayIsIDIqbikKICAgIHByaW50KCJUcm9qbmFzb2JlayIsIDMqbikKICAgIHByaW50KCJEZXNldGluYXNvYmVrIiwgMTAqbikgIAo="]];[["python64","bXVsdGlwbGVzKDUpCg=="],["python64","bXVsdGlwbGVzKDEwKQo="],["python64","bXVsdGlwbGVzKDMpCg=="],["python64","bXVsdGlwbGVzKDQyKQo="]];123475;1;1;2017-11-24 13:01:46
35;Rostoucí posloupnosti;[["html","Upravte funkci <b>sequences(n)</b>, aby vypisovala postupně se prodlužující posloupnosti prvních <i>n</i> čísel (viz úkázkový výstup). "]];[["python64","ZGVmIHNlcXVlbmNlcyhuKToKICAgIGZvciBpIGluIHJhbmdlKG4pOgogICAgICAgIGZvciBqIGluIHJhbmdlKGkrMSk6CiAgICAgICAgICAgIHByaW50KGksIGVuZD0iICIpCiAgICAgICAgcHJpbnQoKQo="]];[["python64","c2VxdWVuY2VzKDgpCg=="]];[["python64","ZGVmIHNlcXVlbmNlcyhuKToKICAgIGZvciBpIGluIHJhbmdlKG4pOgogICAgICAgIGZvciBqIGluIHJhbmdlKGkrMSk6CiAgICAgICAgICAgIHByaW50KGorMSwgZW5kPSIgIikKICAgICAgICBwcmludCgpCg=="]];[["python64","c2VxdWVuY2VzKDUpCg=="],["python64","c2VxdWVuY2VzKDEwKQo="],["python64","c2VxdWVuY2VzKDMpCg=="],["python64","c2VxdWVuY2VzKDcpCg=="],["python64","c2VxdWVuY2VzKDkpCg=="]];122625;3;1;2017-11-29 13:51:50
36;Tabulka násobilky;[["html","Upravte funkci <b>products(n)</b>, aby vypisovala tabulku násobilky prvních <i>n</i> čísel (viz ukázkový výstup)."]];[["python64","ZGVmIHByb2R1Y3RzKG4pOgogICAgZm9yIHJvdyBpbiByYW5nZShuKToKICAgICAgICBmb3IgY29sIGluIHJhbmdlKG4pOgogICAgICAgICAgICBwcmludChyb3cgKyBjb2wsIGVuZD0iICIpCiAgICAgICAgcHJpbnQoKQo="]];[["python64","cHJvZHVjdHMoOCkK"]];[["python64","ZGVmIHByb2R1Y3RzKG4pOgogICAgZm9yIHJvdyBpbiByYW5nZSgxLCBuICsgMSk6CiAgICAgICAgZm9yIGNvbCBpbiByYW5nZSgxLCBuICsgMSk6CiAgICAgICAgICAgIHByaW50KHJvdyAqIGNvbCwgZW5kPSIgIikKICAgICAgICBwcmludCgpCg=="]];[["python64","cHJvZHVjdHMoNSkK"],["python64","cHJvZHVjdHMoMTApCg=="],["python64","cHJvZHVjdHMoNikK"],["python64","cHJvZHVjdHMoNykK"],["python64","cHJvZHVjdHMoOSkK"]];134850;4;1;2017-11-29 14:06:38
37;Hvězdičky;[["html","Upravte funkci <b>stars(n)</b>, aby vypisovala <i>n</i> hvězdiček, přičemž každá skupina pěti hvězdiček bude oddělena kolmou čárou. "]];[["python64","ZGVmIHN0YXJzKG4pOgogICAgZm9yIGkgaW4gcmFuZ2Uobik6CiAgICAgICAgcHJpbnQoIioiLCBlbmQ9IiIpCiAgICAgICAgaWYgaSA9PSA1OgogICAgICAgICAgICBwcmludCgifCIsIGVuZD0iIikKICAgIHByaW50KCkK"]];[["python64","c3RhcnMoNykKc3RhcnMoMTUpCg=="]];[["python64","ZGVmIHN0YXJzKG4pOgogICAgZm9yIGkgaW4gcmFuZ2Uobik6CiAgICAgICAgcHJpbnQoIioiLCBlbmQ9IiIpCiAgICAgICAgaWYgKGkrMSkgJSA1ID09IDA6CiAgICAgICAgICAgIHByaW50KCJ8IiwgZW5kPSIiKQogICAgcHJpbnQoKQo="]];[["python64","c3RhcnMoMTMpCg=="],["python64","c3RhcnMoNikK"],["python64","c3RhcnMoNCkK"],["python64","c3RhcnMoMTYpCg=="],["python64","c3RhcnMoMjEpCg=="],["python64","c3RhcnMoMzcpCg=="],["python64","c3RhcnMoOCkK"]];145950;5;1;2017-11-29 14:17:31
38;Kříž;[["html","Upravte funkci <b>cross(n)</b>, aby vykreslovala ze znaků '#' kříž šířky <i>n</i> (viz ukázkový výstup) "]];[["python64","ZGVmIGNyb3NzKG4pOiAgICAKICAgIGZvciBpIGluIHJhbmdlKDMqbik6CiAgICAgICAgZm9yIGogaW4gcmFuZ2UoMypuKToKICAgICAgICAgICAgaWYgaSA9PSAxIG9yIGogPT0gMToKICAgICAgICAgICAgICAgIHByaW50KCIjIiwgZW5kPSIiKQogICAgICAgICAgICBlbHNlOgogICAgICAgICAgICAgICAgcHJpbnQoIi4iLCBlbmQ9IiIpCiAgICAgICAgcHJpbnQoKQo="]];[["python64","Y3Jvc3MoMikKcHJpbnQoKQpjcm9zcyg0KQo="]];[["python64","ZGVmIGNyb3NzKG4pOiAgICAKICAgIGZvciBpIGluIHJhbmdlKDMqbik6CiAgICAgICAgZm9yIGogaW4gcmFuZ2UoMypuKToKICAgICAgICAgICAgaWYgaSAvLyBuID09IDEgb3IgaiAvLyBuID09IDE6CiAgICAgICAgICAgICAgICBwcmludCgiIyIsIGVuZD0iIikKICAgICAgICAgICAgZWxzZToKICAgICAgICAgICAgICAgIHByaW50KCIuIiwgZW5kPSIiKQogICAgICAgIHByaW50KCkK"]];[["python64","Y3Jvc3MoMikK"],["python64","Y3Jvc3MoMSkK"],["python64","Y3Jvc3MoNSkK"],["python64","Y3Jvc3MoNCkK"],["python64","Y3Jvc3MoNikK"],["python64","Y3Jvc3MoMykK"]];433675;7;1;2017-11-29 14:32:46
39;Ohrožení dámou;[["html","Napište funkci <b>queen(x, y)</b>, která znázorní políčka šachovnice ohrožovaná dámou na pozici <i>x, y</i>. Výstup se skládá z tabulku 8x8 vyznačené tečkami, poloha dámy je označená písmenem D, políčka, která dáma ohrožuje jsou označena hvězdičkou. Dáma ohrožuje políčka vodorovně, svisle a šikmo. Můžete předpokládat, že vstupy jsou čísla od 1 do 8. "]];[["python64","ZGVmIHF1ZWVuKHgsIHkpOgogICAgcHJpbnQoKQo="]];[["python64","cXVlZW4oNSwgMykK"]];[["python64","ZGVmIHF1ZWVuKHgsIHkpOgogICAgeCAtPSAxCiAgICB5IC09IDEKICAgIGZvciBqIGluIHJhbmdlKDgpOgogICAgICAgIGZvciBpIGluIHJhbmdlKDgpOgogICAgICAgICAgICBpZiBpID09IHggYW5kIGogPT0geToKICAgICAgICAgICAgICAgIHByaW50KCJEIiwgZW5kPSIiKQogICAgICAgICAgICBlbGlmIGkgPT0geCBvciBqID09IHkgb3IgeCt5ID09IGkraiBvciB4LXkgPT0gaS1qOgogICAgICAgICAgICAgICAgcHJpbnQoIioiLCBlbmQ9IiIpCiAgICAgICAgICAgIGVsc2U6CiAgICAgICAgICAgICAgICBwcmludCgiLiIsIGVuZD0iIikKICAgICAgICBwcmludCgpCg=="]];[["python64","cXVlZW4oMSwgMSkK"],["python64","cXVlZW4oMywgNikK"],["python64","cXVlZW4oNCwgNikK"],["python64","cXVlZW4oMiwgNykK"],["python64","cXVlZW4oMSwgOCkK"],["python64","cXVlZW4oMiwgMikK"],["python64","cXVlZW4oNSwgNCkK"]];1067375;8;1;2017-11-29 14:41:49
40;Velké N;[["html","Napište funkci <b>bigN(n)</b>, která vypíše textový obrázek velkého písmene N na <i>n</i> řádků (viz ukázkový výstup). "]];[["python64","ZGVmIGJpZ04obik6CiAgICBwcmludCgifCIpCiAgICBwcmludCgiXFwiKQo="]];[["python64","YmlnTig2KQo="]];[["python64","ZGVmIGJpZ04obik6CiAgICBmb3IgaSBpbiByYW5nZShuKToKICAgICAgICBwcmludCgifCIrIiAiKmkrIlxcIisiICIqKG4tMS1pKSsifCIpCg=="]];[["python64","YmlnTig1KQo="],["python64","YmlnTigyKQo="],["python64","YmlnTig2KQo="],["python64","YmlnTigxKQo="],["python64","YmlnTigxMCkK"],["python64","YmlnTig3KQo="],["python64","YmlnTigzKQo="],["python64","YmlnTig4KQo="]];484275;5;1;2017-12-08 14:48:50
41;Pěkná dvojice;[["html","Kryštof se rozhodl, že dvojice přirozených čísel je <i>pěkná</i>, pokud jedno z nich je sudé a druhé liché. Napište funkci <b>nice(a, b)</b>, která otestuje, zda zadaná dvojice <i>a</i>, <i>b</i> je pěkná. "]];[["python64","ZGVmIG5pY2UoYSwgYik6CiAgICByZXR1cm4gRmFsc2UK"]];[["python64","cHJpbnQobmljZSgzLCA1KSkKcHJpbnQobmljZSgyLCA0KSkKcHJpbnQobmljZSgyLCA1KSkKcHJpbnQobmljZSgzLCA2KSkK"]];[["python64","ZGVmIG5pY2UoYSwgYik6CiAgICByZXR1cm4gKGEgJSAyID09IDApICE9IChiICUgMiA9PSAwKQo="]];[["python64","cHJpbnQobmljZSgzLCA1KSkK"],["python64","cHJpbnQobmljZSgyLCA0KSkK"],["python64","cHJpbnQobmljZSgyLCA1KSkK"],["python64","cHJpbnQobmljZSgzLCA3KSkK"],["python64","cHJpbnQobmljZSgyLCA1KSkK"],["python64","cHJpbnQobmljZSgzLCAxNSkpCg=="],["python64","cHJpbnQobmljZSgxMiwgMTUpKQo="],["python64","cHJpbnQobmljZSgxMywgMTYpKQo="]];139675;2;1;2017-12-08 14:57:10
42;Je Honza šťastný?;[["html","Honza byl dnes třikrát zkoušený. Honza je šťastný, kdykoliv dostane během dne alespoň jednou lepší známku než trojku. Napište funkci <b>happy(a, b, c)</b>, která pro zadané známky <i>a</i>, <i>b</i>,  <i>c</i> rozhodne, zda je Honza šťastný. "]];[["python64","ZGVmIGhhcHB5KGEsIGIsIGMpOgogICAgcmV0dXJuIEZhbHNlCg=="]];[["python64","cHJpbnQoaGFwcHkoMywgNCwgNCkpCnByaW50KGhhcHB5KDMsIDQsIDUpKQpwcmludChoYXBweSgxLCAxLCAyKSkKcHJpbnQoaGFwcHkoNSwgNSwgNSkpCnByaW50KGhhcHB5KDMsIDQsIDIpKQpwcmludChoYXBweSgzLCAxLCA0KSkK"]];[["python64","ZGVmIGhhcHB5KGEsIGIsIGMpOgogICAgcmV0dXJuIChhIDwgMyBvciBiIDwgMyBvciBjIDwgMykK"]];[["python64","cHJpbnQoaGFwcHkoMywgNCwgNCkpCg=="],["python64","cHJpbnQoaGFwcHkoMywgNCwgMikpCg=="],["python64","cHJpbnQoaGFwcHkoMSwgMSwgMikpCg=="],["python64","cHJpbnQoaGFwcHkoNSwgNSwgNSkpCg=="],["python64","cHJpbnQoaGFwcHkoMywgNSwgMikpCg=="],["python64","cHJpbnQoaGFwcHkoMywgMSwgNCkpCg=="],["python64","cHJpbnQoaGFwcHkoNSwgNSwgMSkpCg=="],["python64","cHJpbnQoaGFwcHkoNSwgNSwgNCkpCg=="],["python64","cHJpbnQoaGFwcHkoMSwgMSwgMSkpCg=="]];155900;4;1;2017-12-08 15:04:07
43;Lichá a sudá;[["html","Napište funkci <b>odd_even(n)</b>, která vypíše prvních <i>n</i> přirozených čísel, přičemž lichá a sudá čísla budou vypsána na střídačku ve dvou řádcích (viz ukázkový výstup). "]];[["python64","ZGVmIG9kZF9ldmVuKG4pOgogICAgZm9yIGkgaW4gcmFuZ2UoMSwgbik6CiAgICAgICAgaWYgaSAlIDIgPT0gMToKICAgICAgICAgICAgcHJpbnQoaSwgZW5kPSIgIikKICAgIHByaW50KCkK"]];[["python64","b2RkX2V2ZW4oMjApCg=="]];[["python64","ZGVmIG9kZF9ldmVuKG4pOgogICAgZm9yIGkgaW4gcmFuZ2UoMSwgbisxKToKICAgICAgICBpZiBpICUgMiA9PSAxOgogICAgICAgICAgICBwcmludChpLCBlbmQ9IiAiKQogICAgcHJpbnQoKQogICAgcHJpbnQoIiAiLCBlbmQ9IiIpCiAgICBmb3IgaSBpbiByYW5nZSgxLCBuKzEpOgogICAgICAgIGlmIGkgJSAyID09IDA6CiAgICAgICAgICAgIHByaW50KGksIGVuZD0iICIpCiAgICBwcmludCgpCg=="]];[["python64","b2RkX2V2ZW4oNSkK"],["python64","b2RkX2V2ZW4oMTApCg=="],["python64","b2RkX2V2ZW4oMTMpCg=="],["python64","b2RkX2V2ZW4oOCkK"],["python64","b2RkX2V2ZW4oMzMpCg=="]];235400;6;1;2017-12-08 15:14:26
44;Opakovaný šikmý nápis;[["html","Napište funkci <b>make_fancy(text, n)</b>, která vypíše <i>text</i> šikmo a navíc <i>n</i>-krát za sebou (viz ukázka). "]];[["python64","ZGVmIG1ha2VfZmFuY3kodGV4dCwgbik6CiAgICBwcmludCh0ZXh0KQo="]];[["python64","bWFrZV9mYW5jeSgiUFRBS09QWVNLIiwgMykgICAgICAgIAo="]];[["python64","ZGVmIG1ha2VfZmFuY3kodGV4dCwgbik6CiAgICBmb3IgaSBpbiByYW5nZShsZW4odGV4dCkpOgogICAgICAgIHByaW50KCIgIippICsgKHRleHRbaV0rIiAiKSpuKQo="]];[["python64","bWFrZV9mYW5jeSgiYWhvaiIsIDUpCg=="],["python64","bWFrZV9mYW5jeSgiYWdob29BTEhHSE8iLCA0KQo="],["python64","bWFrZV9mYW5jeSgiSEVMTE8iLCA4KQo="],["python64","bWFrZV9mYW5jeSgiS09TIiwgMTApCg=="],["python64","bWFrZV9mYW5jeSgiUGFyZHViaWNlIiwgMikK"],["python64","bWFrZV9mYW5jeSgiUHJhc2UiLCA4KQo="]];247525;7;1;2017-12-08 15:24:35
45;Výpisy součtů;[["html","Napište funkci <b>print_sums(n)</b>, která vypíše všechny způsoby, jak jde zadané číslo <i>n</i> vyjádřit jako součet dvou přirozených čísel."]];[["python64","ZGVmIHByaW50X3N1bXMobik6CiAgICBmb3IgaSBpbiByYW5nZShuKToKICAgICAgICBwcmludChuLCAiPSIsIGksICIrIiwgaSkK"]];[["python64","cHJpbnRfc3VtcygxMykgICAgICAgIAo="]];[["python64","ZGVmIHByaW50X3N1bXMobik6CiAgICBmb3IgaSBpbiByYW5nZSgxLCBuKToKICAgICAgICBwcmludChuLCAiPSIsIGksICIrIiwgbi1pKQo="]];[["python64","cHJpbnRfc3VtcygxMCkK"],["python64","cHJpbnRfc3VtcygyMCkK"],["python64","cHJpbnRfc3VtcygyKQo="],["python64","cHJpbnRfc3Vtcyg4KQo="],["python64","cHJpbnRfc3VtcygyNykK"],["python64","cHJpbnRfc3Vtcyg3KQo="]];103375;1;1;2017-12-08 15:31:39
46;Výpisy součinů;[["html","Napište funkci <b>print_products(n)</b>, která vypíše všechny způsoby, jak jde zadané číslo <i>n</i> vyjádřit jako součin dvou přirozených čísel. "]];[["python64","ZGVmIHByaW50X3Byb2R1Y3RzKG4pOgogICAgcHJpbnQobikK"]];[["python64","cHJpbnRfcHJvZHVjdHMoMzYpCg=="]];[["python64","ZGVmIHByaW50X3Byb2R1Y3RzKG4pOgogICAgZm9yIGkgaW4gcmFuZ2UoMSwgbisxKToKICAgICAgICBpZiBuICUgaSA9PSAwOgogICAgICAgICAgICBwcmludChuLCAiPSIsIGksICIqIiwgbi8vaSkK"]];[["python64","cHJpbnRfcHJvZHVjdHMoMTUpCg=="],["python64","cHJpbnRfcHJvZHVjdHMoMjQpCg=="],["python64","cHJpbnRfcHJvZHVjdHMoNykK"],["python64","cHJpbnRfcHJvZHVjdHMoMjEpCg=="],["python64","cHJpbnRfcHJvZHVjdHMoODEpCg=="],["python64","cHJpbnRfcHJvZHVjdHMoNjQpCg=="],["python64","cHJpbnRfcHJvZHVjdHMoNjApCg=="]];258600;4;1;2017-12-08 15:35:49
47;Součet a rozdíl;[["html","Napište funkci <b>sum_dif(a, b)</b>, která pro zadaná kladná čísla <i>a</i>, <i>b</i> vypíše informaci o jejich součtu a rozdílu (viz ukázkový výstup)."]];[["python64","ZGVmIHN1bV9kaWYoYSwgYik6CiAgICBwcmludChhLCBiKQo="]];[["python64","c3VtX2RpZig1LCA4KQo="]];[["python64","ZGVmIHN1bV9kaWYoYSwgYik6CiAgICBwcmludChhLCAiKyIsIGIsICI9IiwgYStiKQogICAgcHJpbnQoYSwgIi0iLCBiLCAiPSIsIGEtYikK"]];[["python64","c3VtX2RpZig0LCAyKQo="],["python64","c3VtX2RpZigxMCwgMykK"],["python64","c3VtX2RpZigyLCAxKQo="],["python64","c3VtX2RpZigxLCAzKQo="],["python64","c3VtX2RpZigxMCwgOSkK"],["python64","c3VtX2RpZigxMiwgMSkK"]];117300;7;1;2018-04-18 11:00:16
48;Čokoláda;[["html","Napište funkci <b>chocolate(rows, columns, x)</b>, která vypíše informaci o tom, kolik čtverečků čokolády ještě zbývá, pokud čokoláda má <i>rows</i> řádků, <i>columns</i> sloupečků a <i>x</i> čtverečků již někdo snědl („Já to nebyl!“)."]];[["python64","ZGVmIGNob2NvbGF0ZShyb3dzLCBjb2x1bW5zLCB4KToKICAgIHByaW50KCkK"]];[["python64","Y2hvY29sYXRlKDUsIDgsIDEyKQo="]];[["python64","ZGVmIGNob2NvbGF0ZShyb3dzLCBjb2x1bW5zLCB4KToKICAgIHByaW50KCJaYnl0ZWs6Iiwgcm93cypjb2x1bW5zIC0geCkK"]];[["python64","Y2hvY29sYXRlKDUsIDgsIDEyKQo="],["python64","Y2hvY29sYXRlKDUsIDgsIDE2KQo="],["python64","Y2hvY29sYXRlKDYsIDksIDMpCg=="],["python64","Y2hvY29sYXRlKDQsIDUsIDcpCg=="]];119125;4;1;2018-04-18 11:13:46
49;Výpis mocnin;[["html","Napište funkci <b>powers(n)</b>, která vypíše informaci o druhé, třetí a čtvrté mocnině <i>n</i> (viz ukázkový výstup)."]];[["python64","ZGVmIHBvd2VycyhuKToKICAgIHByaW50KG4sICJuYSB0cmV0aSBuZW5pIiwgbikK"]];[["python64","cG93ZXJzKDUpCg=="]];[["python64","ZGVmIHBvd2VycyhuKToKICAgIHByaW50KG4sICJuYSBkcnVob3UgamUiLCBuKioyKQogICAgcHJpbnQobiwgIm5hIHRyZXRpIGplIiwgbioqMykKICAgIHByaW50KG4sICJuYSBjdHZydG91IGplIiwgbioqNCkKCg=="]];[["python64","cG93ZXJzKDIpCg=="],["python64","cG93ZXJzKDYpCg=="],["python64","cG93ZXJzKDMpCg=="],["python64","cG93ZXJzKDEwKQo="],["python64","cG93ZXJzKDgpCg=="]];113475;2;1;2018-04-18 11:24:13
50;Křížek;[["html","Napište funkci <b>cross(z)</b>, která vypíše malý křížek tvořený za použití zadaného znaku <i>z</i>."]];[["python64","ZGVmIGNyb3NzKHopOgogICAgcHJpbnQoeikK"]];[["python64","Y3Jvc3MoIkEiKQo="]];[["python64","ZGVmIGNyb3NzKHopOgogICAgcHJpbnQoeiwgIiAiLCB6KQogICAgcHJpbnQoIiAiLCB6KQogICAgcHJpbnQoeiwgIiAiLCB6KQo="]];[["python64","Y3Jvc3MoIisiKQo="],["python64","Y3Jvc3MoIkIiKQo="],["python64","Y3Jvc3MoIkQiKQo="],["python64","Y3Jvc3MoImUiKQo="],["python64","Y3Jvc3MoIlgiKQo="]];129425;5;1;2018-04-18 11:32:20
51;Dračí bitka;[["html","Drak je naštvaný. Místo princezen mu na oběd přinesli prasata. Navíc pokud prasata nepůjde rozdělit spravedlivě mezi dračí hlavy, tak se hlavy vzájemně pobijí. Napište funkci <b>dragon_test(heads, pigs)</b>, která pro zadaný počet dračích hlav (<i>heads</i>) a prasat (<i>pigs</i>), rozhodne, zda bude bitka (prasata nejdou spravedlivě rozdělit), nebo nebude bitka (prasata jdou spravedlivě rozdělit)."]];[["python64","ZGVmIGRyYWdvbl90ZXN0KGhlYWRzLCBwaWdzKToKICAgIHByaW50KCJNb3puYSBidWRlIGJpdGthLiIpCg=="]];[["python64","ZHJhZ29uX3Rlc3QoMywgMTIpCmRyYWdvbl90ZXN0KDMsIDExKQpkcmFnb25fdGVzdCg1LCA1KQo="]];[["python64","ZGVmIGRyYWdvbl90ZXN0KGhlYWRzLCBwaWdzKToKICAgIGlmIHBpZ3MgJSBoZWFkcyA9PSAwOgogICAgICAgIHByaW50KCJOZWJ1ZGUgYml0a2EuIikKICAgIGVsc2U6CiAgICAgICAgcHJpbnQoIkJ1ZGUgYml0a2EuIikK"]];[["python64","ZHJhZ29uX3Rlc3QoNCwgOSkK"],["python64","ZHJhZ29uX3Rlc3QoMywgMTIpCg=="],["python64","ZHJhZ29uX3Rlc3QoMywgMTEpCg=="],["python64","ZHJhZ29uX3Rlc3QoNSwgNSkK"],["python64","ZHJhZ29uX3Rlc3QoMywgMTkpCg=="],["python64","ZHJhZ29uX3Rlc3QoNCwgOCkK"]];207950;2;1;2018-04-18 11:45:18
52;Týdny;[["html","Napište funkci <b>weeks(n)</b>, která pro zadaný počet týdnů <i>n</i> vypíše, kolik obsahují dnů, hodin a minut (viz ukázkový výstup)."]];[["python64","ZGVmIHdlZWtzKG4pOgogICAgcHJpbnQoIlBvY2V0IGRudToiLCAwKQo="]];[["python64","d2Vla3MoNikK"]];[["python64","ZGVmIHdlZWtzKG4pOgogICAgcHJpbnQoIlBvY2V0IGRudToiLCBuKjcpCiAgICBwcmludCgiUG9jZXQgaG9kaW46Iiwgbio3KjI0KQogICAgcHJpbnQoIlBvY2V0IG1pbnV0OiIsIG4qNyoyNCo2MCkK"]];[["python64","d2Vla3MoMSkK"],["python64","d2Vla3MoMykK"],["python64","d2Vla3MoMTApCg=="],["python64","d2Vla3MoNSkK"],["python64","d2Vla3MoMikK"]];124250;6;1;2018-04-18 12:28:09
53;Prostřední z trojice;[["html","Napište funkci <b>middle_number(a, b, c)</b>, která pro zadaná čísla <i>a</i>, <i>b</i>, <i>c</i> vypíše to prostřední z nich (podle velikosti)."]];[["python64","ZGVmIG1pZGRsZV9udW1iZXIoYSwgYiwgYyk6CiAgICBwcmludCgwKQo="]];[["python64","bWlkZGxlX251bWJlcig4LCAxLCAzKQptaWRkbGVfbnVtYmVyKDgsIDEwLCAzKQptaWRkbGVfbnVtYmVyKDgsIDEwLCAzMCkK"]];[["python64","ZGVmIG1pZGRsZV9udW1iZXIoYSwgYiwgYyk6CiAgICBpZiBhIDwgYjoKICAgICAgICBpZiBiIDwgYzoKICAgICAgICAgICAgcHJpbnQoYikKICAgICAgICBlbGlmIGMgPCBhOgogICAgICAgICAgICBwcmludChhKQogICAgICAgIGVsc2U6CiAgICAgICAgICAgIHByaW50KGMpCiAgICBlbHNlOgogICAgICAgIGlmIGEgPCBjOgogICAgICAgICAgICBwcmludChhKQogICAgICAgIGVsaWYgYyA8IGI6CiAgICAgICAgICAgIHByaW50KGIpCiAgICAgICAgZWxzZToKICAgICAgICAgICAgcHJpbnQoYykK"]];[["python64","bWlkZGxlX251bWJlcigxLCAyLCAzKQo="],["python64","bWlkZGxlX251bWJlcig4LCAxLCAzKQo="],["python64","bWlkZGxlX251bWJlcig4LCAxMCwgMykK"],["python64","bWlkZGxlX251bWJlcig4LCAxMCwgMzApCg=="],["python64","bWlkZGxlX251bWJlcigxLCAzLCAyKQo="],["python64","bWlkZGxlX251bWJlcigxLCAyLCAzKQo="],["python64","bWlkZGxlX251bWJlcigyLCAxLCAzKQo="],["python64","bWlkZGxlX251bWJlcigyLCAzLCAxKQo="],["python64","bWlkZGxlX251bWJlcigzLCAxLCAyKQo="],["python64","bWlkZGxlX251bWJlcigzLCAyLCAxKQo="],["python64","bWlkZGxlX251bWJlcig2LCA0LCA4KQo="]];243550;5;1;2018-04-18 12:40:22
54;Porovnání dvou čísel;[["html","Napište funkci <b>compare(a, b)</b>, která pro dvě zadaná čísl <i>a</i>, <i>b</i> vypíše informaci o tom, zda jsou stejná, nebo je jedno z nich větší (a které to je)."]];[["python64","ZGVmIGNvbXBhcmUoYSwgYik6CiAgICBwcmludCgibmV2aW0iKQo="]];[["python64","Y29tcGFyZSgzLCA1KQpjb21wYXJlKDMsIDMpCmNvbXBhcmUoNiwgNSkK"]];[["python64","ZGVmIGNvbXBhcmUoYSwgYik6CiAgICBpZiBhID09IGI6CiAgICAgICAgcHJpbnQoInN0ZWpuYSIpCiAgICBlbGlmIGEgPCBiOgogICAgICAgIHByaW50KGIsICJqZSB2ZXRzaSBuZXoiLCBhKQogICAgZWxzZToKICAgICAgICBwcmludChhLCAiamUgdmV0c2kgbmV6IiwgYikK"]];[["python64","Y29tcGFyZSgxLCA3KQo="],["python64","Y29tcGFyZSg5LCAyKQo="],["python64","Y29tcGFyZSgzLCA1KQo="],["python64","Y29tcGFyZSgzLCAzKQo="],["python64","Y29tcGFyZSg2LCA1KQo="],["python64","Y29tcGFyZSg3LCA3KQo="],["python64","Y29tcGFyZSgxNiwgMTIpCg=="]];236625;1;1;2018-04-18 12:47:46
55;Podkovy;[["html","Kovář má okovat několik koní a potřebuje zjistit, jestli má správný počet podkov. Napište funkci <b>check(p, k)</b>, která pro zadaný počet podkov <i>p</i> a počet koní <i>k</i> vypíše, kolik podkov chybí, přebývá, nebo zda je počet správně (formát výstupu viz ukázkový soubor). "]];[["python64","ZGVmIGNoZWNrKHAsIGspOgogICAgcHJpbnQoIk9LIikK"]];[["python64","Y2hlY2soMTAsIDIpCmNoZWNrKDEyLCAzKQpjaGVjaygyMCwgNikK"]];[["python64","ZGVmIGNoZWNrKHAsIGspOgogICAgaWYgcCA8IDQqazoKICAgICAgICBwcmludCgiQ2h5Ymk6IiwgNCprLXApCiAgICBlbGlmIHAgPiA0Kms6CiAgICAgICAgcHJpbnQoIlByZWJ5dmE6IiwgcC00KmspCiAgICBlbHNlOgogICAgICAgIHByaW50KCJPSyIpCg=="]];[["python64","Y2hlY2soMTAsIDIpCg=="],["python64","Y2hlY2soMTIsIDMpCg=="],["python64","Y2hlY2soMjAsIDYpCg=="],["python64","Y2hlY2soMTMsIDMpCg=="],["python64","Y2hlY2soNCwgMSkK"],["python64","Y2hlY2soMzAsIDgpCg=="],["python64","Y2hlY2soMTcsIDQpCg=="]];385000;6;1;2018-04-24 14:32:29
56;Čísla pozpátku;[["html","Napište funkci <b>reverse_numbers(n)</b>, která vypíše čísla od 1 do <i>n</i> pozpátku."]];[["python64","ZGVmIHJldmVyc2VfbnVtYmVycyhuKToKICAgIGZvciBpIGluIHJhbmdlKG4pOgogICAgICAgIHByaW50KGkpCg=="]];[["python64","cmV2ZXJzZV9udW1iZXJzKDgpCg=="]];[["python64","ZGVmIHJldmVyc2VfbnVtYmVycyhuKToKICAgIGZvciBpIGluIHJhbmdlKG4pOgogICAgICAgIHByaW50KG4taSkK"]];[["python64","cmV2ZXJzZV9udW1iZXJzKDUpCg=="],["python64","cmV2ZXJzZV9udW1iZXJzKDEzKQo="],["python64","cmV2ZXJzZV9udW1iZXJzKDcpCg=="],["python64","cmV2ZXJzZV9udW1iZXJzKDE4KQo="],["python64","cmV2ZXJzZV9udW1iZXJzKDYpCg=="]];66350;3;1;2018-04-24 14:45:34
57;Sudá čísla;[["html","Napište funkci <b>even_numbers(n)</b>, která vypíše <i>n</i> sudých čísel (počínaje dvojkou). "]];[["python64","ZGVmIGV2ZW5fbnVtYmVycyhuKToKICAgIHByaW50KDIpCg=="]];[["python64","ZXZlbl9udW1iZXJzKDYpCg=="]];[["python64","ZGVmIGV2ZW5fbnVtYmVycyhuKToKICAgIGZvciBpIGluIHJhbmdlKG4pOgogICAgICAgIHByaW50KDIrMippKQo="]];[["python64","ZXZlbl9udW1iZXJzKDgpCg=="],["python64","ZXZlbl9udW1iZXJzKDIpCg=="],["python64","ZXZlbl9udW1iZXJzKDcpCg=="],["python64","ZXZlbl9udW1iZXJzKDEwKQo="],["python64","ZXZlbl9udW1iZXJzKDUpCg=="]];132500;5;1;2018-04-24 14:52:33
58;Hej rup!;[["html","Napište funkci <b>hej_rup(n)</b>, která vypíše <i>n</i> krát za sebou <i>hej</i> a <i>rup</i>. "]];[["python64","ZGVmIGhlal9ydXAobik6CiAgICBwcmludCgiaGVqIikK"]];[["python64","aGVqX3J1cCg1KQo="]];[["python64","ZGVmIGhlal9ydXAobik6CiAgICBmb3IgaSBpbiByYW5nZShuKToKICAgICAgICBwcmludCgiaGVqIikKICAgICAgICBwcmludCgicnVwIikK"]];[["python64","aGVqX3J1cCgyKQo="],["python64","aGVqX3J1cCg2KQo="],["python64","aGVqX3J1cCgzKQo="],["python64","aGVqX3J1cCg0KQo="]];95500;2;1;2018-04-24 14:58:14
59;Severská zvěř;[["html","Napište funkci <b>animals(n)</b>, která vypíše <i>n</i> sobů a následně dvakrát tolik losů. "]];[["python64","ZGVmIGFuaW1hbHMobik6CiAgICBwcmludCgic29iIikK"]];[["python64","YW5pbWFscygzKQo="]];[["python64","ZGVmIGFuaW1hbHMobik6CiAgICBmb3IgaSBpbiByYW5nZShuKToKICAgICAgICBwcmludCgic29iIikKICAgIGZvciBpIGluIHJhbmdlKG4qMik6CiAgICAgICAgcHJpbnQoImxvcyIpCg=="]];[["python64","YW5pbWFscyg0KQo="],["python64","YW5pbWFscygxKQo="],["python64","YW5pbWFscyg2KQo="],["python64","YW5pbWFscyg1KQo="],["python64","YW5pbWFscygyKQo="]];105350;4;1;2018-04-24 15:06:16
60;Velká sudá;[["html","Napište funkci <b>big_even(a, b)</b>, která vrátí <i>True</i> právě tehdy, když větší z čísel <i>a</i>, <i>b</i> je sudé. "]];[["python64","ZGVmIGJpZ19ldmVuKGEsIGIpOgogICAgcmV0dXJuIEZhbHNlCg=="]];[["python64","cHJpbnQoYmlnX2V2ZW4oMiwgNSkpCnByaW50KGJpZ19ldmVuKDIsIDQpKQpwcmludChiaWdfZXZlbig3LCAzKSkKcHJpbnQoYmlnX2V2ZW4oOCwgNikpCnByaW50KGJpZ19ldmVuKDgsIDUpKQo="]];[["python64","ZGVmIGJpZ19ldmVuKGEsIGIpOgogICAgcmV0dXJuIChhID4gYiBhbmQgYSAlIDIgPT0gMCkgb3IgKGIgPiBhIGFuZCBiICUgMiA9PSAwKQo="]];[["python64","cHJpbnQoYmlnX2V2ZW4oMiwgNSkpCg=="],["python64","cHJpbnQoYmlnX2V2ZW4oMiwgNCkpCg=="],["python64","cHJpbnQoYmlnX2V2ZW4oNywgMykpCg=="],["python64","cHJpbnQoYmlnX2V2ZW4oOCwgNikpCg=="],["python64","cHJpbnQoYmlnX2V2ZW4oOCwgMTEpKQo="],["python64","cHJpbnQoYmlnX2V2ZW4oOCwgMTIpKQo="],["python64","cHJpbnQoYmlnX2V2ZW4oOSwgNSkpCg=="],["python64","cHJpbnQoYmlnX2V2ZW4oMTIsIDMpKQo="]];173800;5;1;2018-04-24 15:18:39
61;Test mocniny (a bagr);[["html","Napište funkci <b>power_test(a, b)</b>, která otestuje, zda je jedno z čísel <i>a</i>, <i>b</i> druhou mocninou toho druhého. Pokud žádnou druhou mocninu nenajde, tak funkce alespoň vypíše <i>bagr</i>. "]];[["python64","ZGVmIHBvd2VyX3Rlc3QoYSwgYik6CiAgICBwcmludCgiYmFnciBuZW5pIGRydWhvdSBtb2NuaW5vdSIpCg=="]];[["python64","cG93ZXJfdGVzdCg1LCAyNSkKcG93ZXJfdGVzdCg5LCAzKQpwb3dlcl90ZXN0KDQsIDIwKQo="]];[["python64","ZGVmIHBvd2VyX3Rlc3QoYSwgYik6CiAgICBpZiBhKioyID09IGI6CiAgICAgICAgcHJpbnQoYiwgImplIGRydWhvdSBtb2NuaW5vdSIsIGEpCiAgICBlbGlmIGIqKjIgPT0gYToKICAgICAgICBwcmludChhLCAiamUgZHJ1aG91IG1vY25pbm91IiwgYikKICAgIGVsc2U6CiAgICAgICAgcHJpbnQoImJhZ3IiKQo="]];[["python64","cG93ZXJfdGVzdCg1LCAyNSkK"],["python64","cG93ZXJfdGVzdCg5LCAzKQo="],["python64","cG93ZXJfdGVzdCg0LCAyMCkK"],["python64","cG93ZXJfdGVzdCgxNiwgNCkK"],["python64","cG93ZXJfdGVzdCg2LCAzNikK"],["python64","cG93ZXJfdGVzdCg3LCA1MCkK"],["python64","cG93ZXJfdGVzdCg5LCA4MSkK"]];216650;3;1;2018-04-24 15:28:43
62;Obsah a obvod;[["html","Napište funkci <b>area_perimeter(a)</b>, která vypíše informaci o obsahu a obvodu čtverce o straně délky <i>a</i>."]];[["python64","ZGVmIGFyZWFfcGVyaW1ldGVyKGEpOgogICAgcHJpbnQoKQo="]];[["python64","YXJlYV9wZXJpbWV0ZXIoMykK"]];[["python64","ZGVmIGFyZWFfcGVyaW1ldGVyKGEpOgogICAgcHJpbnQoIm9ic2FoIiwgYSphKQogICAgcHJpbnQoIm9idm9kIiwgNCphKQo="]];[["python64","YXJlYV9wZXJpbWV0ZXIoNSkK"],["python64","YXJlYV9wZXJpbWV0ZXIoOCkK"],["python64","YXJlYV9wZXJpbWV0ZXIoMSkK"],["python64","YXJlYV9wZXJpbWV0ZXIoNykK"],["python64","YXJlYV9wZXJpbWV0ZXIoNCkK"],["python64","YXJlYV9wZXJpbWV0ZXIoNikK"]];77000;3;1;2018-07-16 10:26:44
63;Zmrzlinový test;[["html","Pepa si chce koupit zmrzlinu, ale neví, jestli má dost peněz. Napište funkci <b>icecream_test(money, price)</b>, která pro zadanou částku (<i>money</i>) a cenu zmrzliny (<i>price</i>) rozhodne, zda si Pepa může zmrzlinu koupit. "]];[["python64","ZGVmIGljZWNyZWFtX3Rlc3QobW9uZXksIHByaWNlKToKICAgIHJldHVybiBUcnVlCg=="]];[["python64","cHJpbnQoaWNlY3JlYW1fdGVzdCgyMCwgMTApKQo="]];[["python64","ZGVmIGljZWNyZWFtX3Rlc3QobW9uZXksIHByaWNlKToKICAgIHJldHVybiBtb25leSA+PSBwcmljZQo="]];[["python64","cHJpbnQoaWNlY3JlYW1fdGVzdCgyMCwgMTgpKQo="],["python64","cHJpbnQoaWNlY3JlYW1fdGVzdCgyMCwgMjgpKQo="],["python64","cHJpbnQoaWNlY3JlYW1fdGVzdCgyMCwgMjApKQo="],["python64","cHJpbnQoaWNlY3JlYW1fdGVzdCgzMCwgMTgpKQo="],["python64","cHJpbnQoaWNlY3JlYW1fdGVzdCgzNSwgNDApKQo="],["python64","cHJpbnQoaWNlY3JlYW1fdGVzdCgyNywgMjcpKQo="],["python64","cHJpbnQoaWNlY3JlYW1fdGVzdCgxMDAsIDQwKSkK"]];112400;1;1;2018-07-16 10:37:19
64;Magický test;[["html","Čarodějnice chce připravit lektvar lásky. Na přípravu potřebuje 5 slz fénixe a roh jednorožce. Pokud nemá roh jednoročce, může použít 3 ocásky fialových prasátek. V tomto případě jí pak stačí pouze 3 slzy fénixe. Napište funkci <b>magic_test(tears, horns, tails)</b>, která pro zadaný počet slz (<i>tears</i>), rohů (<i>horns</i>) a ocásků (<i>tails</i>) rozhodne, zda čarodějnice může lektvar připravit."]];[["python64","ZGVmIG1hZ2ljX3Rlc3QodGVhcnMsIGhvcm5zLCB0YWlscyk6CiAgICByZXR1cm4gRmFsc2UK"]];[["python64","cHJpbnQobWFnaWNfdGVzdCg0LCAzLCAzKSkK"]];[["python64","ZGVmIG1hZ2ljX3Rlc3QodGVhcnMsIGhvcm5zLCB0YWlscyk6CiAgICByZXR1cm4gKHRlYXJzID49IDUgYW5kIGhvcm5zID49MSkgb3IgKHRlYXJzID49MyBhbmQgdGFpbHMgPj0zKQo="]];[["python64","cHJpbnQobWFnaWNfdGVzdCg0LCAzLCAzKSkK"],["python64","cHJpbnQobWFnaWNfdGVzdCgwLCAwLCAwKSkK"],["python64","cHJpbnQobWFnaWNfdGVzdCgxMCwgMTAsIDEwKSkK"],["python64","cHJpbnQobWFnaWNfdGVzdCg2LCAyLCAwKSkK"],["python64","cHJpbnQobWFnaWNfdGVzdCgzLCAwLCAzKSkK"],["python64","cHJpbnQobWFnaWNfdGVzdCg1LCAzLCAwKSkK"],["python64","cHJpbnQobWFnaWNfdGVzdCg0LCAxLCAyKSkK"],["python64","cHJpbnQobWFnaWNfdGVzdCg0LCAxLCAzKSkK"]];204050;6;1;2018-07-16 10:54:40
65;Cena vstupenky;[["html","Muzeum programování má následující vstupné: dospělí platí 100 Kč, mládež pod 18 let a důchodci nad 70 let mají vstupné poloviční, děti do šesti let mají vstup dokonce zcela zdarma. Napište funkci <b>print_ticket(age)</b>, která pro zadaný věk (<i>age</i>) vypíše cenu vstupenky."]];[["python64","ZGVmIHByaW50X3RpY2tldChhZ2UpOgogICAgcHJpbnQoIkNlbmE6IiwgMTAwKQo="]];[["python64","cHJpbnRfdGlja2V0KDIwKQpwcmludF90aWNrZXQoMTUpCnByaW50X3RpY2tldCg1KQpwcmludF90aWNrZXQoNzUpCg=="]];[["python64","ZGVmIHByaW50X3RpY2tldChhZ2UpOgogICAgaWYgYWdlIDwgNjoKICAgICAgICBwcmljZSA9IDAKICAgIGVsaWYgYWdlIDwgMTggb3IgYWdlID4gNzA6CiAgICAgICAgcHJpY2UgPSA1MAogICAgZWxzZToKICAgICAgICBwcmljZSA9IDEwMAogICAgcHJpbnQoIkNlbmE6IiwgcHJpY2UpCg=="]];[["python64","cHJpbnRfdGlja2V0KDIwKQo="],["python64","cHJpbnRfdGlja2V0KDE1KQo="],["python64","cHJpbnRfdGlja2V0KDUpCg=="],["python64","cHJpbnRfdGlja2V0KDc1KQo="],["python64","cHJpbnRfdGlja2V0KDczKQo="],["python64","cHJpbnRfdGlja2V0KDY1KQo="],["python64","cHJpbnRfdGlja2V0KDE3KQo="],["python64","cHJpbnRfdGlja2V0KDIyKQo="]];254250;4;1;2018-07-16 11:13:36
66;Kámen, nůžky, papír;[["html","Napište funkci <b>decide(symbol1, symbol2)</b>, která rozhodne, kdo vyhrál ve hře kámen-nůžky-papír. Tahy jsou zadány prvními písmeny (<i>symbol1</i>, <i>symbol2</i>). Funkce má za úkol vypsat písmeno odpovídající tahu, který vítězí, nebo text 'Remiza'."]];[["python64","ZGVmIGRlY2lkZShzeW1ib2wxLCBzeW1ib2wyKToKICAgIHByaW50KCJSZW1pemEiKQo="]];[["python64","ZGVjaWRlKCJLIiwgIk4iKQpkZWNpZGUoIlAiLCAiSyIpCmRlY2lkZSgiUCIsICJQIikK"]];[["python64","ZGVmIGRlY2lkZShzeW1ib2wxLCBzeW1ib2wyKToKICAgIGlmIHN5bWJvbDEgPT0gc3ltYm9sMjoKICAgICAgICBwcmludCgiUmVtaXphIikKICAgIGVsaWYgc3ltYm9sMSA9PSAiSyIgYW5kIHN5bWJvbDIgPT0gIlAiIG9yIHN5bWJvbDIgPT0gIksiIGFuZCBzeW1ib2wxID09ICJQIjoKICAgICAgICBwcmludCgiUCIpCiAgICBlbGlmIHN5bWJvbDEgPT0gIk4iIGFuZCBzeW1ib2wyID09ICJQIiBvciBzeW1ib2wyID09ICJOIiBhbmQgc3ltYm9sMSA9PSAiUCI6CiAgICAgICAgcHJpbnQoIk4iKQogICAgZWxpZiBzeW1ib2wxID09ICJLIiBhbmQgc3ltYm9sMiA9PSAiTiIgb3Igc3ltYm9sMiA9PSAiSyIgYW5kIHN5bWJvbDEgPT0gIk4iOgogICAgICAgIHByaW50KCJLIikK"]];[["python64","ZGVjaWRlKCJLIiwgIk4iKQo="],["python64","ZGVjaWRlKCJQIiwgIksiKQo="],["python64","ZGVjaWRlKCJQIiwgIlAiKQo="],["python64","ZGVjaWRlKCJOIiwgIksiKQo="],["python64","ZGVjaWRlKCJOIiwgIk4iKQo="],["python64","ZGVjaWRlKCJLIiwgIlAiKQo="],["python64","ZGVjaWRlKCJLIiwgIlAiKQo="],["python64","ZGVjaWRlKCJQIiwgIk4iKQo="],["python64","ZGVjaWRlKCJOIiwgIlAiKQo="]];430675;7;1;2018-07-16 11:31:44
67;Trojkový foobar;[["html","Pepa označuje čísla dělitelná třemi slovem <i>foo</i>. Ostatní čísla označuje slovem <i>bar</i>. Napište funkci <b>foobar3(n)</b>, která vypíše prvních <i>n</i> přirozených čísel společně s jejich označením."]];[["python64","ZGVmIGZvb2JhcjMobik6CiAgICBwcmludCgiZm9vYmFyIikK"]];[["python64","Zm9vYmFyMygxMCkK"]];[["python64","ZGVmIGZvb2JhcjMobik6CiAgICBmb3IgaSBpbiByYW5nZSgxLCBuKzEpOgogICAgICAgIGlmIGkgJSAzID09IDA6CiAgICAgICAgICAgIHByaW50KGksICJmb28iKQogICAgICAgIGVsc2U6CiAgICAgICAgICAgIHByaW50KGksICJiYXIiKQo="]];[["python64","Zm9vYmFyMygzKQo="],["python64","Zm9vYmFyMyg4KQo="],["python64","Zm9vYmFyMygyOCkK"],["python64","Zm9vYmFyMygxMikK"]];202975;6;1;2018-07-16 12:17:45
68;Velká pětka;[["html","Napište funkci <b>big_five(n)</b>, která vykreslí pomocí znaku '#' velkou digitální pětku o šířce <i>n</i> (viz ukázkový výstup). "]];[["python64","ZGVmIGJpZ19maXZlKG4pOgogICAgcHJpbnQoIiMiKm4pCiAgICBmb3IgaSBpbiByYW5nZShuKToKICAgICAgICBwcmludCgiIyIpCiAgICBwcmludCgiIyIqbikKICAgIGZvciBpIGluIHJhbmdlKG4pOgogICAgICAgIHByaW50KCIgIipuICsgIiMiKQogICAgcHJpbnQoIiMiKm4pCg=="]];[["python64","YmlnX2ZpdmUoNCkK"]];[["python64","ZGVmIGJpZ19maXZlKG4pOgogICAgcHJpbnQoIiMiKm4pCiAgICBmb3IgaSBpbiByYW5nZShuLTIpOgogICAgICAgIHByaW50KCIjIikKICAgIHByaW50KCIjIipuKQogICAgZm9yIGkgaW4gcmFuZ2Uobi0yKToKICAgICAgICBwcmludCgiICIqKG4tMSkgKyAiIyIpCiAgICBwcmludCgiIyIqbikK"]];[["python64","YmlnX2ZpdmUoMykK"],["python64","YmlnX2ZpdmUoNykK"],["python64","YmlnX2ZpdmUoNikK"],["python64","YmlnX2ZpdmUoNSkK"]];137850;2;1;2018-07-16 12:31:56
69;Rozklad na prvočísla;[["html","Napište funkci <b>factorize(n)</b>, která rozloží zadané číslo <i>n</i> na součin prvočísel (ve vzestupném pořadí)."]];[["python64","ZGVmIGZhY3Rvcml6ZShuKToKICAgIHByaW50KG4sICI9IiwgbikK"]];[["python64","ZmFjdG9yaXplKDM2MCkKZmFjdG9yaXplKDE5KQpmYWN0b3JpemUoNzUpCmZhY3Rvcml6ZSgxMDAxKQo="]];[["python64","ZGVmIGZhY3Rvcml6ZShuKToKICAgIGkgPSAyCiAgICBwcmludChuLCAiPSIsIGVuZD0iICIpCiAgICB3aGlsZSBuID4gMToKICAgICAgICBpZiBuICUgaSA9PSAwOgogICAgICAgICAgICBwcmludChpLCBlbmQ9IiAiKQogICAgICAgICAgICBuID0gbiAvIGkKICAgICAgICAgICAgaWYgbiA+IDE6CiAgICAgICAgICAgICAgICBwcmludCgiKiIsIGVuZD0iICIpCiAgICAgICAgZWxzZToKICAgICAgICAgICAgaSArPSAxCiAgICBwcmludCgpCg=="]];[["python64","ZmFjdG9yaXplKDM2MCkK"],["python64","ZmFjdG9yaXplKDE5KQo="],["python64","ZmFjdG9yaXplKDc1KQo="],["python64","ZmFjdG9yaXplKDI0KQo="],["python64","ZmFjdG9yaXplKDIwKQo="],["python64","ZmFjdG9yaXplKDQ4NikK"],["python64","ZmFjdG9yaXplKDM4KQo="],["python64","ZmFjdG9yaXplKDEwMSkK"],["python64","ZmFjdG9yaXplKDEwMikK"]];883150;9;1;2018-07-16 15:42:50
70;Rámeček;[["html","Napište funkci <b>frame(text, symbol)</b>, která vypíše <i>text</i> v rámečku tvořeném znakem <i>symbol</i> (předpokládejte, že symbol je řetězec tvořený právě jedním znakem)."]];[["python64","ZGVmIGZyYW1lKHRleHQsIHN5bWJvbCk6CiAgICBwcmludChzeW1ib2wrdGV4dCkK"]];[["python64","ZnJhbWUoIlIyRDIiLCAiKiIpCnByaW50KCkKZnJhbWUoIk1pbGxlbm5pdW0gRmFsY29uIiwgIj0iKQo="]];[["python64","ZGVmIGZyYW1lKHRleHQsIHN5bWJvbCk6CiAgICBuID0gbGVuKHRleHQpCiAgICBwcmludChzeW1ib2wqKG4rMikpCiAgICBwcmludChzeW1ib2wrdGV4dCtzeW1ib2wpCiAgICBwcmludChzeW1ib2wqKG4rMikpCg=="]];[["python64","ZnJhbWUoIk1pbGxlbm5pdW0gRmFsY29uIiwgIiMiKQo="],["python64","ZnJhbWUoIlBvem9yIGNoeWJhIiwgIiEiKQo="],["python64","ZnJhbWUoIkJSTk8iLCAiKyIpCg=="],["python64","ZnJhbWUoIkMzUE8iLCAiWCIpCg=="]];181950;1;1;2018-07-16 15:51:10
71;Sudoku řádek;[["html","Napište funkci <b>check_sudoku(row)</b>, která zkontroluje, zda v zadaný řádek čísel <i>row</i> obsahuje každé číslo od 1 do 9 právě jedenkrát (a nic jiného)."]];[["python64","ZGVmIGNoZWNrX3N1ZG9rdShyb3cpOgogICAgcmV0dXJuIEZhbHNlCg=="]];[["python64","cHJpbnQoY2hlY2tfc3Vkb2t1KFsxLCAyLCAzLCA0LCA1LCA2LCA3LCA4LCA5XSkpCnByaW50KGNoZWNrX3N1ZG9rdShbNCwgNSwgNiwgNywgOCwgOSwgMSwgMiwgM10pKQpwcmludChjaGVja19zdWRva3UoWzUsIDksIDcsIDgsIDEsIDQsIDIsIDYsIDNdKSkKcHJpbnQoY2hlY2tfc3Vkb2t1KFsxLCAyLCAzLCA0LCA1LCA2LCA3LCA4LCA5LCAxMF0pKQpwcmludChjaGVja19zdWRva3UoWzEsIDIsIDMsIDQsIDYsIDcsIDgsIDldKSkKcHJpbnQoY2hlY2tfc3Vkb2t1KFs0LCA1LCA2LCA3LCA4LCA5LCAxLCAyLCA0XSkpCnByaW50KGNoZWNrX3N1ZG9rdShbNCwgNSwgNiwgNywgNSwgOSwgMSwgMiwgOV0pKQo="]];[["python64","ZGVmIGNoZWNrX3N1ZG9rdShyb3cpOgogICAgaWYgbGVuKHJvdykgIT0gOTogcmV0dXJuIEZhbHNlCiAgICBmb3IgaSBpbiByYW5nZSgxLCAxMCk6CiAgICAgICAgaWYgcm93LmNvdW50KGkpICE9IDE6CiAgICAgICAgICAgIHJldHVybiBGYWxzZQogICAgcmV0dXJuIFRydWUK"]];[["python64","cHJpbnQoY2hlY2tfc3Vkb2t1KFsxLCAyLCAzLCA0LCA1LCA2LCA3LCA4LCA5XSkpCg=="],["python64","cHJpbnQoY2hlY2tfc3Vkb2t1KFs0LCA1LCA2LCA3LCA4LCA5LCAxLCAyLCAzXSkpCg=="],["python64","cHJpbnQoY2hlY2tfc3Vkb2t1KFs1LCA5LCA3LCA4LCAxLCA0LCAyLCA2LCAzXSkpCg=="],["python64","cHJpbnQoY2hlY2tfc3Vkb2t1KFsxLCAyLCAzLCA0LCA2LCA3LCA4LCA5XSkpCg=="],["python64","cHJpbnQoY2hlY2tfc3Vkb2t1KFs0LCA1LCA2LCA3LCA4LCA5LCAxLCAyLCA0XSkpCg=="],["python64","cHJpbnQoY2hlY2tfc3Vkb2t1KFs0LCA1LCA2LCA3LCAxMCwgOSwgMSwgMiwgOV0pKQo="],["python64","cHJpbnQoY2hlY2tfc3Vkb2t1KFs0LCA1LCA2LCA3LCAxMCwgOSwgMSwgMiwgOV0pKQo="],["python64","cHJpbnQoY2hlY2tfc3Vkb2t1KFs1LCA0LCA2LCA3LCA4LCA5LCAxLCAyLCAzXSkpCg=="],["python64","cHJpbnQoY2hlY2tfc3Vkb2t1KFsxLCAyLCAzLCA0LCA2LCA3LCA5XSkpCg=="]];412500;8;1;2018-07-16 16:02:09
72;Velký rámeček;[["html","Napište funkci <b>big_frame(word_list)</b>, která pro zadaný seznam slov <i>word_list</i> vypíše tato slova každé na jeden řádek a kolem nich udělá rámeček ze znaku '+'."]];[["python64","ZGVmIGJpZ19mcmFtZSh3b3JkX2xpc3QpOgogICAgcHJpbnQoIisiKQo="]];[["python64","YmlnX2ZyYW1lKFsiV2VsbGNvbWUiLCAidG8iLCAiQnJubyJdKQo="]];[["python64","ZGVmIGJpZ19mcmFtZSh3b3JkX2xpc3QpOgogICAgbiA9IG1heChtYXAobGVuLCB3b3JkX2xpc3QpKQogICAgcHJpbnQoIisiKihuKzIpKQogICAgZm9yIHcgaW4gd29yZF9saXN0OgogICAgICAgIHByaW50KCIrIiArIHcgKyAiICIqKG4tbGVuKHcpKSsiKyIpCiAgICBwcmludCgiKyIqKG4rMikpCg=="]];[["python64","YmlnX2ZyYW1lKFsiV2VsbGNvbWUiLCAidG8iLCAiQnJubyJdKQo="],["python64","YmlnX2ZyYW1lKFsiamVkbmEiLCAiZHZhIiwgInRyaSIsICJkdmFjZXQiLCAic2VkbSJdKQo="],["python64","YmlnX2ZyYW1lKFsiQUJDIl0pCg=="],["python64","YmlnX2ZyYW1lKFsiQSIsICJCQiIsICJDQ0MiLCAiRERERCIsICJFRUUiLCAiRkYiLCAiRyJdKQo="],["python64","YmlnX2ZyYW1lKFsicGVzIiwgInByYXNlIiwgImtvemEiXSkK"]];692775;9;1;2018-07-17 13:06:35
73;Velká šachovnice;[["html","Napište funkci <b>big_chessboard(n, m)</b>, která v textové grafice vykreslí čtvercovou šachovnici o šířce <i>n</i> polí, přičemž každé pole má šířku <i>m</i> znaků (viz ukázka)."]];[["python64","ZGVmIGJpZ19jaGVzc2JvYXJkKG4sIG0pOgogICAgcHJpbnQoIiMiLCBlbmQ9IiIpCiAgICBwcmludCgiLiIsIGVuZD0iIikK"]];[["python64","YmlnX2NoZXNzYm9hcmQoNSwgMykK"]];[["python64","ZGVmIGJpZ19jaGVzc2JvYXJkKG4sIG0pOgogICAgZm9yIGkgaW4gcmFuZ2UobiAqIG0pOgogICAgICAgIGZvciBqIGluIHJhbmdlKG4gKiBtKToKICAgICAgICAgICAgaWYgKChpIC8vIG0pICsgKGogLy8gbSkpICUgMiA9PSAwOgogICAgICAgICAgICAgICAgcHJpbnQoJyMnLCBlbmQ9IiIpCiAgICAgICAgICAgIGVsc2U6CiAgICAgICAgICAgICAgICBwcmludCgnLicsIGVuZD0iIikKICAgICAgICBwcmludCgpCg=="]];[["python64","YmlnX2NoZXNzYm9hcmQoNSwgMykK"],["python64","YmlnX2NoZXNzYm9hcmQoNCwgMikK"],["python64","YmlnX2NoZXNzYm9hcmQoMywgMykK"],["python64","YmlnX2NoZXNzYm9hcmQoOCwgMSkK"],["python64","YmlnX2NoZXNzYm9hcmQoMiwgNCkK"],["python64","YmlnX2NoZXNzYm9hcmQoNiwgMikK"]];1203450;7;1;2018-07-17 13:15:15
74;Vnořené čtverce;[["html","Napište funkci <b>nested_squares(n)</b>, která v textové grafice vykreslí <i>n</i> vnořených čtverců (viz ukázka)."]];[["python64","ZGVmIG5lc3RlZF9zcXVhcmVzKG4pOgogICAgcHJpbnQoIiMiLCBlbmQ9IiIpCiAgICBwcmludCgpCg=="]];[["python64","bmVzdGVkX3NxdWFyZXMoNCkK"]];[["python64","ZGVmIG5lc3RlZF9zcXVhcmVzKG4pOgogICAgbSA9IDIqbi0yCiAgICBmb3IgeSBpbiByYW5nZSgtbSwgbSArIDEpOgogICAgICAgIGZvciB4IGluIHJhbmdlKC1tLCBtICsgMSk6CiAgICAgICAgICAgIGlmIHggJSAyID09IDAgYW5kIGFicyh4KSA+PSBhYnMoeSkgb3IgeSAlIDIgPT0gMCBhbmQgYWJzKHkpID49IGFicyh4KToKICAgICAgICAgICAgICAgIHByaW50KCIjIiwgZW5kPSIiKQogICAgICAgICAgICBlbHNlOgogICAgICAgICAgICAgICAgcHJpbnQoIiAiLCBlbmQ9IiIpCiAgICAgICAgcHJpbnQoKQo="]];[["python64","bmVzdGVkX3NxdWFyZXMoMikK"],["python64","bmVzdGVkX3NxdWFyZXMoMSkK"],["python64","bmVzdGVkX3NxdWFyZXMoNikK"],["python64","bmVzdGVkX3NxdWFyZXMoMTApCg=="],["python64","bmVzdGVkX3NxdWFyZXMoNSkK"],["python64","bmVzdGVkX3NxdWFyZXMoMykK"]];168526;9;1;2018-07-17 13:22:09